Row Name,Clip Start,Clip End,JERSEY,PlayerID,NOMBRE,EQUIPO,TeamID,FECHA,TANTOS,RESULTADO,ACTION,AXIS TIEMPO,AXIS X,AXIS Y,FASES,TRYORIG
KO,152.46020792,163.46027063,,,,Selknam,23,20220520-SLAR-P31-SEL@JXV,,,,,,,,
KO,3551.67268843,3561.6736071,,,,Jaguares XV,21,20220520-SLAR-P31-SEL@JXV,,,,,,,,
RESTART,152.46020792,162.82688792,,,,Selknam,23,20220520-SLAR-P31-SEL@JXV,,GANADO,,,,,,
RESTART,822.75650672,833.09754163,,,,Jaguares XV,21,20220520-SLAR-P31-SEL@JXV,,PERDIDO,,,,,,
RESTART,1235.67363772,1248.06319459,,,,Jaguares XV,21,20220520-SLAR-P31-SEL@JXV,,GANADO,,,,,,
RESTART,1578.23151893,1590.77319359,,,,Selknam,23,20220520-SLAR-P31-SEL@JXV,,PERDIDO,,,,,,
RESTART,1983.88378492,1995.03467533,,,,Selknam,23,20220520-SLAR-P31-SEL@JXV,,PERDIDO,,,,,,
RESTART,2485.06904909,2495.33478105,,,,Selknam,23,20220520-SLAR-P31-SEL@JXV,,PERDIDO,,,,,,
RESTART,3550.67268843,3561.89860772,,,,Jaguares XV,21,20220520-SLAR-P31-SEL@JXV,,PERDIDO,,,,,,
RESTART,4530.54828598,4540.40922915,,,,Jaguares XV,21,20220520-SLAR-P31-SEL@JXV,,PERDIDO,,,,,,
RESTART,5942.38510333,5952.66811574,,,,Jaguares XV,21,20220520-SLAR-P31-SEL@JXV,,PERDIDO,,,,,,
SCRUM,200.05947364,228.04280709,,,,Selknam,23,20220520-SLAR-P31-SEL@JXV,,RESET,,,,,,
SCRUM,241.76782234,277.75863455,,,,Selknam,23,20220520-SLAR-P31-SEL@JXV,,PERDIDO,,,,,,
SCRUM,430.13448897,463.11779214,,,,Selknam,23,20220520-SLAR-P31-SEL@JXV,,GANADO,,,,,,
SCRUM,542.50944555,566.00945751,,,,Selknam,23,20220520-SLAR-P31-SEL@JXV,,RESET,,,,,,
SCRUM,594.55943964,627.00946272,,,,Selknam,23,20220520-SLAR-P31-SEL@JXV,,GANADO,,,,,,
SCRUM,1071.10790147,1107.53350984,,,,Selknam,23,20220520-SLAR-P31-SEL@JXV,,GANADO,,,,,,
SCRUM,1315.670875,1335.73744058,,,,Jaguares XV,21,20220520-SLAR-P31-SEL@JXV,,GANADO,,,,,,
SCRUM,1748.78354938,1781.81785296,,,,Jaguares XV,21,20220520-SLAR-P31-SEL@JXV,,GANADO,,,,,,
SCRUM,2085.2436008,2120.95237734,,,,Selknam,23,20220520-SLAR-P31-SEL@JXV,,GANADO,,,,,,
SCRUM,2213.55230509,2248.41140471,,,,Selknam,23,20220520-SLAR-P31-SEL@JXV,,PERDIDO,,,,,,
SCRUM,2753.26313161,2788.87979382,,,,Selknam,23,20220520-SLAR-P31-SEL@JXV,,GANADO,,,,,,
SCRUM,3862.00491808,3897.00404154,,,,Selknam,23,20220520-SLAR-P31-SEL@JXV,,RESET,,,,,,
SCRUM,3955.37170266,3988.90403725,,,,Selknam,23,20220520-SLAR-P31-SEL@JXV,,PERDIDO,,,,,,
SCRUM,4370.43157761,4402.18987227,,,,Jaguares XV,21,20220520-SLAR-P31-SEL@JXV,,PERDIDO,,,,,,
SCRUM,4739.21213554,4771.41180687,,,,Selknam,23,20220520-SLAR-P31-SEL@JXV,,GANADO,,,,,,
SCRUM,4917.11166766,4956.60333046,,,,Selknam,23,20220520-SLAR-P31-SEL@JXV,,GANADO,,,,,,
SCRUM,5235.07416011,5266.86656865,,,,Selknam,23,20220520-SLAR-P31-SEL@JXV,,RESET,,,,,,
SCRUM,5294.54990732,5325.93332828,,,,Selknam,23,20220520-SLAR-P31-SEL@JXV,,GANADO,,,,,,
SCRUM,5538.23401554,5573.23403617,,,,Selknam,23,20220520-SLAR-P31-SEL@JXV,,GANADO,,,,,,
SCRUM,5768.16647946,5805.96743417,,,,Selknam,23,20220520-SLAR-P31-SEL@JXV,,GANADO,,,,,,
PENALTY CONCEEDED,263.77731856,288.34280418,03,52,Dittus Matías,Selknam,23,20220520-SLAR-P31-SEL@JXV,,SCRUM,PENALTY CONCEEDED,,,,,
PENALTY CONCEEDED,619.96778559,629.92553222,01,1084,Vivas Mayco,Jaguares XV,21,20220520-SLAR-P31-SEL@JXV,,SCRUM,PENALTY CONCEEDED,,,,,
PENALTY CONCEEDED,1101.18292688,1112.5996033,01,1084,Vivas Mayco,Jaguares XV,21,20220520-SLAR-P31-SEL@JXV,,SCRUM,PENALTY CONCEEDED,,,,,
PENALTY CONCEEDED,1584.34730405,1594.45685301,12,72,Garafulic Matías,Selknam,23,20220520-SLAR-P31-SEL@JXV,,FOUL PLAY,PENALTY CONCEEDED,,,,,
PENALTY CONCEEDED,1774.29278021,1786.17074959,01,1279,Lues Salvador,Selknam,23,20220520-SLAR-P31-SEL@JXV,,SCRUM,PENALTY CONCEEDED,,,,,
PENALTY CONCEEDED,1840.87553633,1854.00986667,01,1279,Lues Salvador,Selknam,23,20220520-SLAR-P31-SEL@JXV,,RUCK,PENALTY CONCEEDED,,,,,
PENALTY CONCEEDED,2229.95761802,2257.31912134,01,1279,Lues Salvador,Selknam,23,20220520-SLAR-P31-SEL@JXV,,SCRUM,PENALTY CONCEEDED,,,,,
PENALTY CONCEEDED,2374.78391994,2390.92735192,01,1279,Lues Salvador,Selknam,23,20220520-SLAR-P31-SEL@JXV,,RUCK,PENALTY CONCEEDED,,,,,
PENALTY CONCEEDED,2491.2423012,2498.91666667,08,66,Escobar Alfonso,Selknam,23,20220520-SLAR-P31-SEL@JXV,,FOUL PLAY,PENALTY CONCEEDED,,,,,
PENALTY CONCEEDED,2769.57994168,2791.71284295,01,1084,Vivas Mayco,Jaguares XV,21,20220520-SLAR-P31-SEL@JXV,,SCRUM,PENALTY CONCEEDED,,,,,
PENALTY CONCEEDED,3591.92229861,3607.34030856,12,72,Garafulic Matías,Selknam,23,20220520-SLAR-P31-SEL@JXV,,IFOK,PENALTY CONCEEDED,,,,,
PENALTY CONCEEDED,3725.61799293,3740.37160758,12,72,Garafulic Matías,Selknam,23,20220520-SLAR-P31-SEL@JXV,,FOUL PLAY,PENALTY CONCEEDED,,,,,
PENALTY CONCEEDED,3967.63759119,3992.40493008,03,52,Dittus Matías,Selknam,23,20220520-SLAR-P31-SEL@JXV,,SCRUM,PENALTY CONCEEDED,,,,,
PENALTY CONCEEDED,4136.24495694,4148.89715437,14,1298,Mendy Ignacio,Jaguares XV,21,20220520-SLAR-P31-SEL@JXV,,TACKLE-POST,PENALTY CONCEEDED,,,,,
PENALTY CONCEEDED,4388.41764259,4407.37326944,01,1084,Vivas Mayco,Jaguares XV,21,20220520-SLAR-P31-SEL@JXV,,SCRUM,PENALTY CONCEEDED,,,,,
PENALTY CONCEEDED,4579.005,4603.37403691,16,54,Dussaillant Tomás,Selknam,23,20220520-SLAR-P31-SEL@JXV,,RUCK,PENALTY CONCEEDED,,,,,
PENALTY CONCEEDED,4764.66122604,4775.47834517,17,1211,Revol Nicolás,Jaguares XV,21,20220520-SLAR-P31-SEL@JXV,,SCRUM,PENALTY CONCEEDED,,,,,
PENALTY CONCEEDED,4973.90343067,4985.99497654,16,54,Dussaillant Tomás,Selknam,23,20220520-SLAR-P31-SEL@JXV,,TACKLE-POST,PENALTY CONCEEDED,,,,,
PENALTY CONCEEDED,5312.12807836,5329.81664415,18,1294,Coronel Javier,Jaguares XV,21,20220520-SLAR-P31-SEL@JXV,,SCRUM,PENALTY CONCEEDED,,,,,
PENALTY CONCEEDED,5795.22016751,5806.29,17,1211,Revol Nicolás,Jaguares XV,21,20220520-SLAR-P31-SEL@JXV,,SCRUM,PENALTY CONCEEDED,,,,,
PENALTY CONCEEDED,6031.18254444,6043.62817896,20,61,Silva Ignacio,Selknam,23,20220520-SLAR-P31-SEL@JXV,,RUCK,PENALTY CONCEEDED,,,,,
PENALTY CONCEEDED,6230.67286643,6239.2127,20,61,Silva Ignacio,Selknam,23,20220520-SLAR-P31-SEL@JXV,,RUCK,PENALTY CONCEEDED,,,,,
ADVANTAGE,2327.29113004,2344.49086558,10,1290,Zuccarino Juan,Selknam,23,20220520-SLAR-P31-SEL@JXV,,TACKLE-POST,ADVANTAGE,,,,,
ADVANTAGE,5806.96402903,5821.27263811,06,1299,Panzarini Andrea,Jaguares XV,21,20220520-SLAR-P31-SEL@JXV,,TACKLE-POST,ADVANTAGE,,,,,
ADVANTAGE,6044.02199456,6058.99695956,06,63,Sigren Martín,Selknam,23,20220520-SLAR-P31-SEL@JXV,,FOUL PLAY,ADVANTAGE,,,,,
PEN KICK OUT,294.37654343,307.41722784,10,1086,Prisciantelli Gerónimo,Jaguares XV,21,20220520-SLAR-P31-SEL@JXV,,,PEN KICK OUT,,,,,
PEN KICK OUT,476.90947093,486.67521868,15,75,Urroz Francisco,Selknam,23,20220520-SLAR-P31-SEL@JXV,,,PEN KICK OUT,,,,,
PEN KICK OUT,652.34271876,664.30113884,15,75,Urroz Francisco,Selknam,23,20220520-SLAR-P31-SEL@JXV,,,PEN KICK OUT,,,,,
PEN KICK OUT,1603.85054572,1614.63152734,10,1086,Prisciantelli Gerónimo,Jaguares XV,21,20220520-SLAR-P31-SEL@JXV,,,PEN KICK OUT,,,,,
PEN KICK OUT,1798.08561033,1808.47611029,10,1086,Prisciantelli Gerónimo,Jaguares XV,21,20220520-SLAR-P31-SEL@JXV,,,PEN KICK OUT,,,,,
PEN KICK OUT,2294.97737384,2304.38567555,10,1086,Prisciantelli Gerónimo,Jaguares XV,21,20220520-SLAR-P31-SEL@JXV,,,PEN KICK OUT,,,,,
PEN KICK OUT,2645.30389115,2654.81311999,10,1086,Prisciantelli Gerónimo,Jaguares XV,21,20220520-SLAR-P31-SEL@JXV,,,PEN KICK OUT,,,,,
PEN KICK OUT,2834.77368511,2845.12930345,15,75,Urroz Francisco,Selknam,23,20220520-SLAR-P31-SEL@JXV,,,PEN KICK OUT,,,,,
PEN KICK OUT,4024.03735358,4034.50495554,10,1086,Prisciantelli Gerónimo,Jaguares XV,21,20220520-SLAR-P31-SEL@JXV,,,PEN KICK OUT,,,,,
PEN KICK OUT,4177.55499067,4188.05044062,15,75,Urroz Francisco,Selknam,23,20220520-SLAR-P31-SEL@JXV,,,PEN KICK OUT,,,,,
PEN KICK OUT,4617.84644379,4627.69508262,10,1086,Prisciantelli Gerónimo,Jaguares XV,21,20220520-SLAR-P31-SEL@JXV,,,PEN KICK OUT,,,,,
PEN KICK OUT,4800.59502042,4812.82003066,15,75,Urroz Francisco,Selknam,23,20220520-SLAR-P31-SEL@JXV,,,PEN KICK OUT,,,,,
PEN KICK OUT,4998.13665587,5007.55335142,10,1086,Prisciantelli Gerónimo,Jaguares XV,21,20220520-SLAR-P31-SEL@JXV,,,PEN KICK OUT,,,,,
PEN KICK OUT,6129.8449647,6139.38500683,10,1086,Prisciantelli Gerónimo,Jaguares XV,21,20220520-SLAR-P31-SEL@JXV,,,PEN KICK OUT,,,,,
LINEOUT,306.37624655,323.96745243,,,,Jaguares XV,21,20220520-SLAR-P31-SEL@JXV,,GANADO,,,,,,
LINEOUT,490.19281418,507.46779618,,,,Jaguares XV,21,20220520-SLAR-P31-SEL@JXV,,GANADO,,,,,,
LINEOUT,673.90848242,691.5367808,,,,Selknam,23,20220520-SLAR-P31-SEL@JXV,,GANADO,,,,,,
LINEOUT,888.71558602,909.60192952,,,,Selknam,23,20220520-SLAR-P31-SEL@JXV,,GANADO,,,,,,
LINEOUT,961.4646641,979.2989141,,,,Selknam,23,20220520-SLAR-P31-SEL@JXV,,GANADO,,,,,,
LINEOUT,1395.51714301,1414.4564343,,,,Selknam,23,20220520-SLAR-P31-SEL@JXV,,GANADO,,,,,,
LINEOUT,1457.44935351,1472.61488347,,,,Jaguares XV,21,20220520-SLAR-P31-SEL@JXV,,GANADO,,,,,,
LINEOUT,1617.74899584,1635.24843138,,,,Jaguares XV,21,20220520-SLAR-P31-SEL@JXV,,PERDIDO,,,,,,
LINEOUT,1814.73357388,1830.110004,,,,Jaguares XV,21,20220520-SLAR-P31-SEL@JXV,,GANADO,,,,,,
LINEOUT,2025.9094485,2043.10856567,,,,Jaguares XV,21,20220520-SLAR-P31-SEL@JXV,,GANADO,,,,,,
LINEOUT,2311.31898901,2330.54313601,,,,Jaguares XV,21,20220520-SLAR-P31-SEL@JXV,,GANADO,,,,,,
LINEOUT,2660.1548294,2683.33811424,,,,Jaguares XV,21,20220520-SLAR-P31-SEL@JXV,,GANADO,,,,,,
LINEOUT,2853.3964474,2874.4048554,,,,Selknam,23,20220520-SLAR-P31-SEL@JXV,,GANADO,,,,,,
LINEOUT,3699.58830071,3718.82994442,,,,Jaguares XV,21,20220520-SLAR-P31-SEL@JXV,,GANADO,,,,,,
LINEOUT,3776.27991708,3794.75425475,,,,Jaguares XV,21,20220520-SLAR-P31-SEL@JXV,,GANADO,,,,,,
LINEOUT,4037.29659766,4060.32978696,,,,Jaguares XV,21,20220520-SLAR-P31-SEL@JXV,,GANADO,,,,,,
LINEOUT,4198.39571592,4214.13912283,,,,Selknam,23,20220520-SLAR-P31-SEL@JXV,,GANADO,,,,,,
LINEOUT,4554.45244629,4571.03642933,,,,Jaguares XV,21,20220520-SLAR-P31-SEL@JXV,,GANADO,,,,,,
LINEOUT,4643.34504162,4659.07004008,,,,Jaguares XV,21,20220520-SLAR-P31-SEL@JXV,,GANADO,,,,,,
LINEOUT,5020.28412242,5036.72577988,,,,Jaguares XV,21,20220520-SLAR-P31-SEL@JXV,,GANADO,,,,,,
LINEOUT,5087.0009415,5103.78404167,,,,Jaguares XV,21,20220520-SLAR-P31-SEL@JXV,,GANADO,,,,,,
LINEOUT,5684.91678596,5702.041531,,,,Selknam,23,20220520-SLAR-P31-SEL@JXV,,PERDIDO,,,,,,
LINEOUT,6174.10968939,6200.29325185,,,,Jaguares XV,21,20220520-SLAR-P31-SEL@JXV,,GANADO,,,,,,
RUCK,321.13447476,328.74009358,,,,Jaguares XV,21,20220520-SLAR-P31-SEL@JXV,,GANADO,,,,,,
RUCK,328.84009358,337.32522334,,,,Jaguares XV,21,20220520-SLAR-P31-SEL@JXV,,GANADO,,,,,,
RUCK,337.54281372,345.24281059,,,,Jaguares XV,21,20220520-SLAR-P31-SEL@JXV,,GANADO,,,,,,
RUCK,348.92615105,356.40038597,,,,Jaguares XV,21,20220520-SLAR-P31-SEL@JXV,,GANADO,,,,,,
RUCK,358.00053268,369.33276218,,,,Jaguares XV,21,20220520-SLAR-P31-SEL@JXV,,GANADO,,,,,,
RUCK,369.43276218,377.96277922,,,,Jaguares XV,21,20220520-SLAR-P31-SEL@JXV,,GANADO,,,,,,
RUCK,378.06277922,386.34238563,,,,Jaguares XV,21,20220520-SLAR-P31-SEL@JXV,,GANADO,,,,,,
RUCK,835.20650051,840.48205296,,,,Jaguares XV,21,20220520-SLAR-P31-SEL@JXV,,GANADO,TO BALL,,,,,
RUCK,840.58205296,844.97044833,,,,Jaguares XV,21,20220520-SLAR-P31-SEL@JXV,,GANADO,,,,,,
RUCK,845.07044833,853.02224151,,,,Jaguares XV,21,20220520-SLAR-P31-SEL@JXV,,GANADO,,,,,,
RUCK,922.01464856,928.71493295,,,,Jaguares XV,21,20220520-SLAR-P31-SEL@JXV,,GANADO,,,,,,
RUCK,928.81493295,940.94802777,,,,Jaguares XV,21,20220520-SLAR-P31-SEL@JXV,,GANADO,,,,,,
RUCK,974.99800239,983.37363989,,,,Selknam,23,20220520-SLAR-P31-SEL@JXV,,GANADO,,,,,,
RUCK,1243.49643951,1251.55303714,,,,Jaguares XV,21,20220520-SLAR-P31-SEL@JXV,,GANADO,,,,,,
RUCK,1251.65303714,1257.06375807,,,,Jaguares XV,21,20220520-SLAR-P31-SEL@JXV,,GANADO,,,,,,
RUCK,1257.16375807,1263.72148634,,,,Jaguares XV,21,20220520-SLAR-P31-SEL@JXV,,GANADO,,,,,,
RUCK,1339.66231492,1346.37881842,,,,Selknam,23,20220520-SLAR-P31-SEL@JXV,,GANADO,TO BALL,,,,,
RUCK,1357.88873096,1365.67910021,,,,Jaguares XV,21,20220520-SLAR-P31-SEL@JXV,,PERDIDO,,,,,,
RUCK,1409.89050143,1416.90995344,,,,Selknam,23,20220520-SLAR-P31-SEL@JXV,,GANADO,,,,,,
RUCK,1417.00995344,1427.23049602,,,,Selknam,23,20220520-SLAR-P31-SEL@JXV,,GANADO,,,,,,
RUCK,1427.33049602,1433.93985447,09,1288,Videla Benjamín,Selknam,23,20220520-SLAR-P31-SEL@JXV,,GANADO,,,,,,
RUCK,1474.1148608,1480.93152663,,,,Jaguares XV,21,20220520-SLAR-P31-SEL@JXV,,GANADO,,,,,,
RUCK,1631.04981301,1637.72321255,,,,Selknam,23,20220520-SLAR-P31-SEL@JXV,,GANADO,,,,,,
RUCK,1644.50631188,1652.13404472,,,,Jaguares XV,21,20220520-SLAR-P31-SEL@JXV,,GANADO,,,,,,
RUCK,1828.25182559,1841.417792,,,,Jaguares XV,21,20220520-SLAR-P31-SEL@JXV,,GANADO,,,,,,
RUCK,1841.73443967,1849.7303939,,,,Jaguares XV,21,20220520-SLAR-P31-SEL@JXV,,GANADO,,,,,,
RUCK,1849.8303939,1857.14116989,,,,Jaguares XV,21,20220520-SLAR-P31-SEL@JXV,,GANADO,,,,,,
RUCK,1857.24116989,1863.35145681,,,,Jaguares XV,21,20220520-SLAR-P31-SEL@JXV,,GANADO,,,,,,
RUCK,1863.45145681,1870.18451109,,,,Jaguares XV,21,20220520-SLAR-P31-SEL@JXV,,GANADO,,,,,,
RUCK,2044.76765538,2049.99069407,,,,Selknam,23,20220520-SLAR-P31-SEL@JXV,,GANADO,TO BALL,,,,,
RUCK,2050.09069407,2055.23354746,,,,Selknam,23,20220520-SLAR-P31-SEL@JXV,,PERDIDO,,,,,,
RUCK,2119.47743184,2127.17685285,,,,Selknam,23,20220520-SLAR-P31-SEL@JXV,,GANADO,,,,,,
RUCK,2127.27685285,2135.41069621,,,,Selknam,23,20220520-SLAR-P31-SEL@JXV,,GANADO,,,,,,
RUCK,2331.71813551,2352.10713083,,,,Jaguares XV,21,20220520-SLAR-P31-SEL@JXV,,GANADO,,,,,,
RUCK,2352.20713083,2358.92894229,,,,Jaguares XV,21,20220520-SLAR-P31-SEL@JXV,,GANADO,,,,,,
RUCK,2359.02894229,2366.98634754,,,,Jaguares XV,21,20220520-SLAR-P31-SEL@JXV,,GANADO,,,,,,
RUCK,2367.08634754,2373.76406903,,,,Jaguares XV,21,20220520-SLAR-P31-SEL@JXV,,GANADO,,,,,,
RUCK,2373.86406903,2382.44305101,,,,Jaguares XV,21,20220520-SLAR-P31-SEL@JXV,,GANADO,,,,,,
RUCK,2681.89655803,2688.82980599,,,,Jaguares XV,21,20220520-SLAR-P31-SEL@JXV,,PERDIDO,,,,,,
RUCK,3557.43195814,3568.74857297,09,1288,Videla Benjamín,Selknam,23,20220520-SLAR-P31-SEL@JXV,,GANADO,,,,,,
RUCK,3579.75693143,3587.48383279,,,,Selknam,23,20220520-SLAR-P31-SEL@JXV,,GANADO,,,,,,
RUCK,3587.58383279,3594.70690243,,,,Selknam,23,20220520-SLAR-P31-SEL@JXV,,GANADO,,,,,,
RUCK,3714.10493946,3724.30402337,,,,Jaguares XV,21,20220520-SLAR-P31-SEL@JXV,,GANADO,,,,,,
RUCK,3739.70407362,3749.87069821,,,,Selknam,23,20220520-SLAR-P31-SEL@JXV,,GANADO,,,,,,
RUCK,3794.98737983,3802.24627658,,,,Jaguares XV,21,20220520-SLAR-P31-SEL@JXV,,PERDIDO,,,,,,
RUCK,4091.56324117,4099.88022808,,,,Jaguares XV,21,20220520-SLAR-P31-SEL@JXV,,GANADO,,,,,,
RUCK,4108.12994025,4116.08422054,,,,Selknam,23,20220520-SLAR-P31-SEL@JXV,,GANADO,,,,,,
RUCK,4116.18422054,4123.29946861,,,,Selknam,23,20220520-SLAR-P31-SEL@JXV,,GANADO,,,,,,
RUCK,4123.39946861,4135.95432979,,,,Selknam,23,20220520-SLAR-P31-SEL@JXV,,GANADO,,,,,,
RUCK,4137.39669092,4144.96322304,,,,Selknam,23,20220520-SLAR-P31-SEL@JXV,,GANADO,,,,,,
RUCK,4220.78734033,4228.25911798,,,,Selknam,23,20220520-SLAR-P31-SEL@JXV,,GANADO,,,,,,
RUCK,4228.35911798,4233.89002079,,,,Selknam,23,20220520-SLAR-P31-SEL@JXV,,GANADO,,,,,,
RUCK,4233.99002079,4237.35434419,,,,Selknam,23,20220520-SLAR-P31-SEL@JXV,,GANADO,,,,,,
RUCK,4237.45434419,4242.13916437,,,,Selknam,23,20220520-SLAR-P31-SEL@JXV,,PERDIDO,,,,,,
RUCK,4567.18758462,4578.00603015,,,,Jaguares XV,21,20220520-SLAR-P31-SEL@JXV,,GANADO,,,,,,
RUCK,4578.10603015,4585.48803343,,,,Jaguares XV,21,20220520-SLAR-P31-SEL@JXV,,GANADO,,,,,,
RUCK,4585.58803343,4593.47847379,,,,Jaguares XV,21,20220520-SLAR-P31-SEL@JXV,,GANADO,,,,,,
RUCK,4657.7948005,4665.08254617,,,,Jaguares XV,21,20220520-SLAR-P31-SEL@JXV,,GANADO,,,,,,
RUCK,4665.18254617,4672.91178496,,,,Jaguares XV,21,20220520-SLAR-P31-SEL@JXV,,GANADO,,,,,,
RUCK,4675.0129285,4684.67001379,,,,Jaguares XV,21,20220520-SLAR-P31-SEL@JXV,,GANADO,,,,,,
RUCK,4814.86214958,4825.50241171,,,,Jaguares XV,21,20220520-SLAR-P31-SEL@JXV,,GANADO,,,,,,
RUCK,4828.50893979,4834.16285547,,,,Jaguares XV,21,20220520-SLAR-P31-SEL@JXV,,GANADO,,,,,,
RUCK,4834.26285547,4841.4024251,,,,Jaguares XV,21,20220520-SLAR-P31-SEL@JXV,,GANADO,,,,,,
RUCK,4841.5024251,4848.1178628,,,,Jaguares XV,21,20220520-SLAR-P31-SEL@JXV,,GANADO,,,,,,
RUCK,4848.2178628,4855.74499891,,,,Jaguares XV,21,20220520-SLAR-P31-SEL@JXV,,GANADO,,,,,,
RUCK,4953.29505858,4966.66379494,,,,Selknam,23,20220520-SLAR-P31-SEL@JXV,,GANADO,,,,,,
RUCK,4966.76379494,4972.54557408,,,,Selknam,23,20220520-SLAR-P31-SEL@JXV,,GANADO,,,,,,
RUCK,4972.64557408,4980.42836471,,,,Selknam,23,20220520-SLAR-P31-SEL@JXV,,PERDIDO,,,,,,
RUCK,5041.683154,5049.30910225,,,,Selknam,23,20220520-SLAR-P31-SEL@JXV,,GANADO,,,,,,
RUCK,5445.97569775,5456.50717596,,,,Jaguares XV,21,20220520-SLAR-P31-SEL@JXV,,GANADO,,,,,,
RUCK,5456.60717596,5464.35904288,,,,Jaguares XV,21,20220520-SLAR-P31-SEL@JXV,,GANADO,,,,,,
RUCK,5468.45070167,5475.47427543,,,,Jaguares XV,21,20220520-SLAR-P31-SEL@JXV,,GANADO,,,,,,
RUCK,5475.57427543,5482.16737654,,,,Jaguares XV,21,20220520-SLAR-P31-SEL@JXV,,GANADO,,,,,,
RUCK,5583.81646771,5600.20069733,,,,Jaguares XV,21,20220520-SLAR-P31-SEL@JXV,,GANADO,,,,,,
RUCK,5613.49978883,5620.95547022,,,,Jaguares XV,21,20220520-SLAR-P31-SEL@JXV,,GANADO,,,,,,
RUCK,5621.05547022,5628.90870304,,,,Jaguares XV,21,20220520-SLAR-P31-SEL@JXV,,GANADO,,,,,,
RUCK,5629.00870304,5641.10079521,,,,Jaguares XV,21,20220520-SLAR-P31-SEL@JXV,,GANADO,,,,,,
RUCK,5642.22535446,5649.75067596,,,,Jaguares XV,21,20220520-SLAR-P31-SEL@JXV,,GANADO,,,,,,
RUCK,5698.72480742,5710.71915576,,,,Jaguares XV,21,20220520-SLAR-P31-SEL@JXV,,GANADO,,,,,,
RUCK,5710.81915576,5718.91744092,,,,Jaguares XV,21,20220520-SLAR-P31-SEL@JXV,,GANADO,,,,,,
RUCK,5722.44240246,5730.98399546,,,,Jaguares XV,21,20220520-SLAR-P31-SEL@JXV,,PERDIDO,,,,,,
RUCK,5803.65064675,5811.12762049,,,,Selknam,23,20220520-SLAR-P31-SEL@JXV,,GANADO,,,,,,
RUCK,5811.22762049,5818.11848544,,,,Selknam,23,20220520-SLAR-P31-SEL@JXV,,GANADO,,,,,,
RUCK,5818.21848544,5823.94542665,,,,Selknam,23,20220520-SLAR-P31-SEL@JXV,,GANADO,,,,,,
RUCK,5824.04542665,5833.09238192,,,,Selknam,23,20220520-SLAR-P31-SEL@JXV,,GANADO,,,,,,
RUCK,5962.43399303,5969.41412925,,,,Jaguares XV,21,20220520-SLAR-P31-SEL@JXV,,GANADO,,,,,,
RUCK,5969.51412925,5976.69756662,,,,Jaguares XV,21,20220520-SLAR-P31-SEL@JXV,,GANADO,,,,,,
RUCK,5982.70970462,5993.58481282,,,,Jaguares XV,21,20220520-SLAR-P31-SEL@JXV,,GANADO,,,,,,
RUCK,5994.12533841,6004.11136337,,,,Jaguares XV,21,20220520-SLAR-P31-SEL@JXV,,GANADO,,,,,,
RUCK,6004.21136337,6010.75692527,,,,Jaguares XV,21,20220520-SLAR-P31-SEL@JXV,,GANADO,,,,,,
RUCK,6010.85692527,6018.59287045,,,,Jaguares XV,21,20220520-SLAR-P31-SEL@JXV,,GANADO,,,,,,
RUCK,6021.45565645,6028.71757933,,,,Jaguares XV,21,20220520-SLAR-P31-SEL@JXV,,GANADO,,,,,,
RUCK,6028.81757933,6036.26694624,,,,Jaguares XV,21,20220520-SLAR-P31-SEL@JXV,,GANADO,,,,,,
RUCK,6036.36694624,6046.2170282,,,,Jaguares XV,21,20220520-SLAR-P31-SEL@JXV,,GANADO,,,,,,
RUCK,6046.3170282,6054.35128283,,,,Jaguares XV,21,20220520-SLAR-P31-SEL@JXV,,GANADO,,,,,,
RUCK,6056.65133557,6064.65985728,,,,Jaguares XV,21,20220520-SLAR-P31-SEL@JXV,,GANADO,,,,,,
RUCK,6065.28639474,6074.92700133,,,,Jaguares XV,21,20220520-SLAR-P31-SEL@JXV,,GANADO,,,,,,
RUCK,6075.02700133,6080.55778566,,,,Jaguares XV,21,20220520-SLAR-P31-SEL@JXV,,GANADO,,,,,,
RUCK,6080.65778566,6086.05833741,,,,Jaguares XV,21,20220520-SLAR-P31-SEL@JXV,,GANADO,,,,,,
RUCK,6086.15833741,6097.50966912,,,,Jaguares XV,21,20220520-SLAR-P31-SEL@JXV,,GANADO,,,,,,
RUCK,6207.72795127,6223.70134256,,,,Jaguares XV,21,20220520-SLAR-P31-SEL@JXV,,GANADO,,,,,,
RUCK,6224.22881123,6238.28306768,,,,Jaguares XV,21,20220520-SLAR-P31-SEL@JXV,,GANADO,,,,,,
RUCK,6238.38306768,6254.70962631,,,,Jaguares XV,21,20220520-SLAR-P31-SEL@JXV,,GANADO,,,,,,
CLEAN BREAKS,343.5761988,352.64188926,13,108,Segura Agustín,Jaguares XV,21,20220520-SLAR-P31-SEL@JXV,,,CLEAN BREAKS,,,,,
CLEAN BREAKS,693.18491883,702.2516175,14,62,Garafulic Nicolás,Selknam,23,20220520-SLAR-P31-SEL@JXV,,,CLEAN BREAKS,,,,,
CLEAN BREAKS,1477.82612222,1485.33486348,15,1185,Bogado Martín,Jaguares XV,21,20220520-SLAR-P31-SEL@JXV,,,CLEAN BREAKS,,,,,
CLEAN BREAKS,3723.8961975,3736.01238933,13,108,Segura Agustín,Jaguares XV,21,20220520-SLAR-P31-SEL@JXV,,,CLEAN BREAKS,,,,,
LOST,386.5678603,391.57621363,,,,Jaguares XV,21,20220520-SLAR-P31-SEL@JXV,,,,,,,,
LOST,516.34286539,521.3511398,,,,Jaguares XV,21,20220520-SLAR-P31-SEL@JXV,,,,,,,,
LOST,851.88628417,856.89480075,,,,Jaguares XV,21,20220520-SLAR-P31-SEL@JXV,,,,,,,,
LOST,2052.327697,2057.33444967,,,,Jaguares XV,21,20220520-SLAR-P31-SEL@JXV,,,,,,,,
LOST,2136.62724444,2142.45666049,,,,Selknam,23,20220520-SLAR-P31-SEL@JXV,,,,,,,,
LOST,2142.55666049,2146.61071884,,,,Jaguares XV,21,20220520-SLAR-P31-SEL@JXV,,,,,,,,
LOST,4105.64753333,4110.65403707,,,,Jaguares XV,21,20220520-SLAR-P31-SEL@JXV,,,,,,,,
LOST,4235.42988642,4243.429931,,,,Selknam,23,20220520-SLAR-P31-SEL@JXV,,,,,,,,
LOST,4592.753363,4597.75456612,,,,Jaguares XV,21,20220520-SLAR-P31-SEL@JXV,,,,,,,,
LOST,4681.77105062,4686.77555221,,,,Jaguares XV,21,20220520-SLAR-P31-SEL@JXV,,,,,,,,
LOST,4863.7289745,4868.72931041,,,,Jaguares XV,21,20220520-SLAR-P31-SEL@JXV,,,,,,,,
LOST,4870.07055646,4875.07835979,,,,Jaguares XV,21,20220520-SLAR-P31-SEL@JXV,,,,,,,,
LOST,5112.97577734,5117.98408659,,,,Jaguares XV,21,20220520-SLAR-P31-SEL@JXV,,,,,,,,
LOST,5485.7256705,5490.72575054,,,,Jaguares XV,21,20220520-SLAR-P31-SEL@JXV,,,,,,,,
LOST,6298.62630606,6303.6347001,,,,Jaguares XV,21,20220520-SLAR-P31-SEL@JXV,,,,,,,,
FREE KICK,445.1072985,466.59196589,01,1084,Vivas Mayco,Jaguares XV,21,20220520-SLAR-P31-SEL@JXV,,SCRUM,FREE KICK,,,,,
FREE KICK,1328.55355767,1338.64723142,02,1118,Escobar Diego,Selknam,23,20220520-SLAR-P31-SEL@JXV,,SCRUM,FREE KICK,,,,,
TRY,682.96524515,706.5186148,09,1288,Videla Benjamín,Selknam,23,20220520-SLAR-P31-SEL@JXV,TRY,,,,,,1ra Fase,JUGADA_LINE
TRY,1465.49031759,1490.17342276,15,1185,Bogado Martín,Jaguares XV,21,20220520-SLAR-P31-SEL@JXV,TRY,,,,,,2 a 3 Fase,JUGADA_LINE
KICK IN PLAY,695.38162721,703.41565121,14,62,Garafulic Nicolás,Selknam,23,20220520-SLAR-P31-SEL@JXV,,,KICK IN GAME,,,,,
KICK IN PLAY,856.75059509,864.34225476,08,66,Escobar Alfonso,Selknam,23,20220520-SLAR-P31-SEL@JXV,,,KICK IN GAME,,,,,
KICK IN PLAY,918.18140902,925.51643431,09,1288,Videla Benjamín,Selknam,23,20220520-SLAR-P31-SEL@JXV,,,KICK IN GAME,,,,,
KICK IN PLAY,937.10780818,946.25797831,09,1088,Iriarte Rafael,Jaguares XV,21,20220520-SLAR-P31-SEL@JXV,,,KICK IN GAME,,,,,
KICK IN PLAY,1342.97079429,1352.10394688,15,75,Urroz Francisco,Selknam,23,20220520-SLAR-P31-SEL@JXV,,,KICK IN GAME,,,,,
KICK IN PLAY,1429.58151926,1434.93985447,09,1288,Videla Benjamín,Selknam,23,20220520-SLAR-P31-SEL@JXV,,,KICK IN GAME,,,,,
KICK IN PLAY,1635.54822613,1646.05640155,12,72,Garafulic Matías,Selknam,23,20220520-SLAR-P31-SEL@JXV,,,KICK IN GAME,,,,,
KICK IN PLAY,1853.21776713,1861.059422,10,1086,Prisciantelli Gerónimo,Jaguares XV,21,20220520-SLAR-P31-SEL@JXV,,,KICK IN GAME,,,,,
KICK IN PLAY,2131.81902771,2143.36019855,09,1288,Videla Benjamín,Selknam,23,20220520-SLAR-P31-SEL@JXV,,,KICK IN GAME,,,,,
KICK IN PLAY,2872.22054528,2881.4798317,09,1288,Videla Benjamín,Selknam,23,20220520-SLAR-P31-SEL@JXV,,,KICK IN GAME,,,,,
KICK IN PLAY,3564.74007293,3570.96255556,09,1288,Videla Benjamín,Selknam,23,20220520-SLAR-P31-SEL@JXV,,,KICK IN GAME,,,,,
KICK IN PLAY,3571.55629726,3581.41528489,10,1086,Prisciantelli Gerónimo,Jaguares XV,21,20220520-SLAR-P31-SEL@JXV,,,KICK IN GAME,,,,,
KICK IN PLAY,3591.40691751,3600.41431676,09,1288,Videla Benjamín,Selknam,23,20220520-SLAR-P31-SEL@JXV,,,KICK IN GAME,,,,,
KICK IN PLAY,3681.87356068,3690.99870556,15,75,Urroz Francisco,Selknam,23,20220520-SLAR-P31-SEL@JXV,,,KICK IN GAME,,,,,
KICK IN PLAY,3746.59628717,3756.39632646,10,1290,Zuccarino Juan,Selknam,23,20220520-SLAR-P31-SEL@JXV,,,KICK IN GAME,,,,,
KICK IN PLAY,4081.63816983,4091.912495,10,1290,Zuccarino Juan,Selknam,23,20220520-SLAR-P31-SEL@JXV,,,KICK IN GAME,,,,,
KICK IN PLAY,4096.45698675,4100.645,09,1088,Iriarte Rafael,Jaguares XV,21,20220520-SLAR-P31-SEL@JXV,,,KICK IN GAME,,,,,
KICK IN PLAY,4100.645,4111.80773471,15,75,Urroz Francisco,Selknam,23,20220520-SLAR-P31-SEL@JXV,,,KICK IN GAME,,,,,
KICK IN PLAY,4535.29239746,4544.65940367,11,226,Strabucchi Luca,Selknam,23,20220520-SLAR-P31-SEL@JXV,,,KICK IN GAME,,,,,
KICK IN PLAY,4857.69666667,4867.17736297,11,226,Strabucchi Luca,Selknam,23,20220520-SLAR-P31-SEL@JXV,,,KICK IN GAME,,,,,
KICK IN PLAY,5032.15071575,5042.93405688,10,1086,Prisciantelli Gerónimo,Jaguares XV,21,20220520-SLAR-P31-SEL@JXV,,,KICK IN GAME,,,,,
KICK IN PLAY,5046.40907304,5054.55359246,12,72,Garafulic Matías,Selknam,23,20220520-SLAR-P31-SEL@JXV,,,KICK IN GAME,,,,,
KICK IN PLAY,5054.65359246,5061.46366063,15,1185,Bogado Martín,Jaguares XV,21,20220520-SLAR-P31-SEL@JXV,,,KICK IN GAME,,,,,
KICK IN PLAY,5061.56366063,5069.87559679,10,1290,Zuccarino Juan,Selknam,23,20220520-SLAR-P31-SEL@JXV,,,KICK IN GAME,,,,,
KICK IN PLAY,5098.44246171,5107.04249655,10,1086,Prisciantelli Gerónimo,Jaguares XV,21,20220520-SLAR-P31-SEL@JXV,,,KICK IN GAME,,,,,
KICK IN PLAY,5432.75817138,5440.82050439,10,1086,Prisciantelli Gerónimo,Jaguares XV,21,20220520-SLAR-P31-SEL@JXV,,,KICK IN GAME,,,,,
KICK IN PLAY,5440.92050439,5450.06680388,22,68,Videla Santiago,Selknam,23,20220520-SLAR-P31-SEL@JXV,,,KICK IN GAME,,,,,
KICK IN PLAY,5568.45069225,5576.80065368,21,225,Torrealba Marcelo,Selknam,23,20220520-SLAR-P31-SEL@JXV,,,KICK IN GAME,,,,,
KICK IN PLAY,5576.90065368,5588.30077583,13,108,Segura Agustín,Jaguares XV,21,20220520-SLAR-P31-SEL@JXV,,,KICK IN GAME,,,,,
KICK IN PLAY,5596.46733054,5606.15923523,10,1086,Prisciantelli Gerónimo,Jaguares XV,21,20220520-SLAR-P31-SEL@JXV,,,KICK IN GAME,,,,,
KICK IN PLAY,5606.25923523,5615.96728758,15,75,Urroz Francisco,Selknam,23,20220520-SLAR-P31-SEL@JXV,,,KICK IN GAME,,,,,
KICK IN PLAY,5645.85906475,5656.37566433,10,1086,Prisciantelli Gerónimo,Jaguares XV,21,20220520-SLAR-P31-SEL@JXV,,,KICK IN GAME,,,,,
KICK IN PLAY,5949.64463499,5957.55868049,21,225,Torrealba Marcelo,Selknam,23,20220520-SLAR-P31-SEL@JXV,,,KICK IN GAME,,,,,
KICK IN PLAY,6051.61745174,6061.32933999,23,1301,Suárez Folch Tomas,Jaguares XV,21,20220520-SLAR-P31-SEL@JXV,,,KICK IN GAME,,,,,
GOAL,788.45655294,798.52329285,15,75,Urroz Francisco,Selknam,23,20220520-SLAR-P31-SEL@JXV,GOAL,CONVERTIDO,,,,,,
GOAL,1542.45096055,1551.68153509,10,1086,Prisciantelli Gerónimo,Jaguares XV,21,20220520-SLAR-P31-SEL@JXV,GOAL,CONVERTIDO,,,,,,
TURNOVER,158.12015556,167.52127752,01,1279,Lues Salvador,Selknam,23,20220520-SLAR-P31-SEL@JXV,,,TO BALL,,,,,
TURNOVER,828.93984497,840.28991543,13,108,Segura Agustín,Jaguares XV,21,20220520-SLAR-P31-SEL@JXV,,,TO BALL,,,,,
TURNOVER,851.86482855,862.53944009,08,66,Escobar Alfonso,Selknam,23,20220520-SLAR-P31-SEL@JXV,,,TO BALL,,,,,
TURNOVER,1333.45355971,1344.76549417,08,66,Escobar Alfonso,Selknam,23,20220520-SLAR-P31-SEL@JXV,,,TO BALL,,,,,
TURNOVER,1648.76540018,1659.13304951,05,94,Molina Franco,Selknam,23,20220520-SLAR-P31-SEL@JXV,,,TO BALL,,,,,
TURNOVER,2037.33393733,2049.86782371,06,63,Sigren Martín,Selknam,23,20220520-SLAR-P31-SEL@JXV,,,TO BALL,,,,,
TURNOVER,3734.36330112,3744.42971596,04,59,Pedrero Santiago,Selknam,23,20220520-SLAR-P31-SEL@JXV,,,TO BALL,,,,,
TURNOVER,3795.47159779,3807.12999425,20,61,Silva Ignacio,Selknam,23,20220520-SLAR-P31-SEL@JXV,,,TO BALL,,,,,
TURNOVER,4075.16327192,4085.32160237,12,72,Garafulic Matías,Selknam,23,20220520-SLAR-P31-SEL@JXV,,,TO BALL,,,,,
TURNOVER,4854.41906804,4866.01976971,18,1277,Lastra Vittorio,Selknam,23,20220520-SLAR-P31-SEL@JXV,,,TO BALL,,,,,
PENALTY KICK,1203.34555297,1215.21753647,15,75,Urroz Francisco,Selknam,23,20220520-SLAR-P31-SEL@JXV,PENALTY GOAL,CONVERTIDO,,,,,,
PENALTY KICK,1951.25116321,1961.20021367,10,1086,Prisciantelli Gerónimo,Jaguares XV,21,20220520-SLAR-P31-SEL@JXV,PENALTY GOAL,ERRADO,,,,,,
PENALTY KICK,2440.75238855,2447.96961555,10,1086,Prisciantelli Gerónimo,Jaguares XV,21,20220520-SLAR-P31-SEL@JXV,PENALTY GOAL,CONVERTIDO,,,,,,
PENALTY KICK,3673.95691989,3684.13176793,10,1086,Prisciantelli Gerónimo,Jaguares XV,21,20220520-SLAR-P31-SEL@JXV,PENALTY GOAL,ERRADO,,,,,,
PENALTY KICK,4499.81497048,4509.83393286,15,75,Urroz Francisco,Selknam,23,20220520-SLAR-P31-SEL@JXV,PENALTY GOAL,CONVERTIDO,,,,,,
PENALTY KICK,5424.25810846,5433.10080429,15,75,Urroz Francisco,Selknam,23,20220520-SLAR-P31-SEL@JXV,PENALTY GOAL,ERRADO,,,,,,
PENALTY KICK,5896.22539916,5905.02659645,15,75,Urroz Francisco,Selknam,23,20220520-SLAR-P31-SEL@JXV,PENALTY GOAL,CONVERTIDO,,,,,,
OFFLOAD,1467.0565093,1476.07355301,13,108,Segura Agustín,Jaguares XV,21,20220520-SLAR-P31-SEL@JXV,,,OFFLOADS,,,,,
OFFLOAD,1477.66480063,1486.56567963,07,1181,Gómez Vara Jerónimo ,Jaguares XV,21,20220520-SLAR-P31-SEL@JXV,,,OFFLOADS,,,,,
OFFLOAD,3729.34666667,3736.80408946,09,1088,Iriarte Rafael,Jaguares XV,21,20220520-SLAR-P31-SEL@JXV,,,OFFLOADS,,,,,
OFFLOAD,4822.48779625,4832.47008521,06,1299,Panzarini Andrea,Jaguares XV,21,20220520-SLAR-P31-SEL@JXV,,,OFFLOADS,,,,,
OFFLOAD,5102.63405642,5112.46743738,13,108,Segura Agustín,Jaguares XV,21,20220520-SLAR-P31-SEL@JXV,,,OFFLOADS,,,,,
OFFLOAD,5457.92666667,5465.37770338,15,1185,Bogado Martín,Jaguares XV,21,20220520-SLAR-P31-SEL@JXV,,,OFFLOADS,,,,,
OFFLOAD,5797.7406,5805.1576058,21,225,Torrealba Marcelo,Selknam,23,20220520-SLAR-P31-SEL@JXV,,,OFFLOADS,,,,,
OFFLOAD,6014.28617395,6024.10977037,14,1298,Mendy Ignacio,Jaguares XV,21,20220520-SLAR-P31-SEL@JXV,,,OFFLOADS,,,,,
YELLOW CARD,2385.97680467,2391.04408326,01,1279,Lues Salvador,Selknam,23,20220520-SLAR-P31-SEL@JXV,,,YELLOW CARD,,,,,
YELLOW CARD,2620.12091083,2635.7131479,08,66,Escobar Alfonso,Selknam,23,20220520-SLAR-P31-SEL@JXV,,,YELLOW CARD,,,,,
YELLOW CARD,4006.93727475,4019.66312933,03,52,Dittus Matías,Selknam,23,20220520-SLAR-P31-SEL@JXV,,,YELLOW CARD,,,,,
YELLOW CARD,4410.61490657,4416.18162157,01,1084,Vivas Mayco,Jaguares XV,21,20220520-SLAR-P31-SEL@JXV,,,YELLOW CARD,,,,,
TACKLE MADE,317.78751111,325.59908193,12,72,Garafulic Matías,Selknam,23,20220520-SLAR-P31-SEL@JXV,,,TACKLE MADE,,,,,
TACKLE MADE,325.69908193,333.5918627,11,226,Strabucchi Luca,Selknam,23,20220520-SLAR-P31-SEL@JXV,,,TACKLE MADE,,,,,
TACKLE MADE,334.39551111,342.90066314,05,94,Molina Franco,Selknam,23,20220520-SLAR-P31-SEL@JXV,,,TACKLE MADE,,,,,
TACKLE MADE,345.53233333,353.78571929,02,1118,Escobar Diego,Selknam,23,20220520-SLAR-P31-SEL@JXV,,,TACKLE MADE,,,,,
TACKLE MADE,353.88571929,362.16908792,04,59,Pedrero Santiago,Selknam,23,20220520-SLAR-P31-SEL@JXV,,,TACKLE MADE,,,,,
TACKLE MADE,374.40043333,382.95114276,04,59,Pedrero Santiago,Selknam,23,20220520-SLAR-P31-SEL@JXV,,,TACKLE MADE,,,,,
TACKLE MADE,835.95732222,844.49296222,01,1279,Lues Salvador,Selknam,23,20220520-SLAR-P31-SEL@JXV,,,TACKLE MADE,,,,,
TACKLE MADE,919.33214444,923.67763059,09,1288,Videla Benjamín,Selknam,23,20220520-SLAR-P31-SEL@JXV,,,TACKLE MADE,,,,,
TACKLE MADE,923.77763059,926.82744823,11,226,Strabucchi Luca,Selknam,23,20220520-SLAR-P31-SEL@JXV,,,TACKLE MADE,,,,,
TACKLE MADE,926.92744823,932.97638669,02,1118,Escobar Diego,Selknam,23,20220520-SLAR-P31-SEL@JXV,,,TACKLE MADE,,,,,
TACKLE MADE,972.20441111,979.23213698,05,1134,Bernstein Manuel,Jaguares XV,21,20220520-SLAR-P31-SEL@JXV,,,TACKLE MADE,,,,,
TACKLE MADE,979.33213698,986.27631153,05,1134,Bernstein Manuel,Jaguares XV,21,20220520-SLAR-P31-SEL@JXV,,,TACKLE MADE,,,,,
TACKLE MADE,1248.45324444,1254.86035214,02,1118,Escobar Diego,Selknam,23,20220520-SLAR-P31-SEL@JXV,,,TACKLE MADE,,,,,
TACKLE MADE,1254.96035214,1260.59768243,02,1118,Escobar Diego,Selknam,23,20220520-SLAR-P31-SEL@JXV,,,TACKLE MADE,,,,,
TACKLE MADE,1260.69768243,1268.30124486,13,71,Saavedra Domingo,Selknam,23,20220520-SLAR-P31-SEL@JXV,,SCRUM,TACKLE MADE,,,,,
TACKLE MADE,1332.5138,1340.68163205,07,1269,Edwards Santiago,Selknam,23,20220520-SLAR-P31-SEL@JXV,,,TACKLE MADE,,,,,
TACKLE MADE,1354.45907778,1362.99427393,13,71,Saavedra Domingo,Selknam,23,20220520-SLAR-P31-SEL@JXV,,,TACKLE MADE,,,,,
TACKLE MADE,1406.68932222,1413.70143189,05,1134,Bernstein Manuel,Jaguares XV,21,20220520-SLAR-P31-SEL@JXV,,,TACKLE MADE,,,,,
TACKLE MADE,1413.80143189,1420.81981866,02,199,Ruiz Ignacio,Jaguares XV,21,20220520-SLAR-P31-SEL@JXV,,,TACKLE MADE,,,,,
TACKLE MADE,1423.4623,1432.03774182,02,199,Ruiz Ignacio,Jaguares XV,21,20220520-SLAR-P31-SEL@JXV,,,KICK IN GAME,,,,,
TACKLE MADE,1470.9796,1479.47408132,15,75,Urroz Francisco,Selknam,23,20220520-SLAR-P31-SEL@JXV,,,TACKLE MADE,,,,,
TACKLE MADE,1582.17296667,1590.65908233,12,72,Garafulic Matías,Selknam,23,20220520-SLAR-P31-SEL@JXV,,,TACKLE MADE,,,,,
TACKLE MADE,1628.13776667,1636.68752561,09,1088,Iriarte Rafael,Jaguares XV,21,20220520-SLAR-P31-SEL@JXV,,,TACKLE MADE,,,,,
TACKLE MADE,1642.21494444,1646.45859508,12,72,Garafulic Matías,Selknam,23,20220520-SLAR-P31-SEL@JXV,,,TACKLE MADE,,,,,
TACKLE MADE,1646.55859508,1650.69933476,08,66,Escobar Alfonso,Selknam,23,20220520-SLAR-P31-SEL@JXV,,,TACKLE MADE,,,,,
TACKLE MADE,1650.79933476,1658.91037778,08,99,Ruiz Santiago,Jaguares XV,21,20220520-SLAR-P31-SEL@JXV,,,TACKLE MADE,,,,,
TACKLE MADE,1825.81996667,1830.04548398,04,59,Pedrero Santiago,Selknam,23,20220520-SLAR-P31-SEL@JXV,,,TACKLE MADE,,,,,
TACKLE MADE,1830.14548398,1834.40411344,14,62,Garafulic Nicolás,Selknam,23,20220520-SLAR-P31-SEL@JXV,,,TACKLE MADE,,,,,
TACKLE MADE,1838.40161111,1842.85265158,09,1288,Videla Benjamín,Selknam,23,20220520-SLAR-P31-SEL@JXV,,,TACKLE MADE,,,,,
TACKLE MADE,1842.95265158,1846.6512229,02,1118,Escobar Diego,Selknam,23,20220520-SLAR-P31-SEL@JXV,,,TACKLE MADE,,,,,
TACKLE MADE,1846.71495556,1850.53943502,04,59,Pedrero Santiago,Selknam,23,20220520-SLAR-P31-SEL@JXV,,,TACKLE MADE,,,,,
TACKLE MADE,1850.63943502,1855.18870199,01,1279,Lues Salvador,Selknam,23,20220520-SLAR-P31-SEL@JXV,,,TACKLE MADE,,,,,
TACKLE MADE,1860.47992222,1868.96117795,10,1290,Zuccarino Juan,Selknam,23,20220520-SLAR-P31-SEL@JXV,,,TACKLE MADE,,,,,
TACKLE MADE,2038.83692222,2046.38108787,02,199,Ruiz Ignacio,Jaguares XV,21,20220520-SLAR-P31-SEL@JXV,,,TACKLE MADE,,,,,
TACKLE MADE,2046.48108787,2054.07177804,05,1134,Bernstein Manuel,Jaguares XV,21,20220520-SLAR-P31-SEL@JXV,,,TACKLE MADE,,,,,
TACKLE MADE,2118.95832222,2123.26343943,10,1086,Prisciantelli Gerónimo,Jaguares XV,21,20220520-SLAR-P31-SEL@JXV,,,TACKLE MADE,,,,,
TACKLE MADE,2123.36343943,2126.33731946,06,1299,Panzarini Andrea,Jaguares XV,21,20220520-SLAR-P31-SEL@JXV,,,TACKLE MADE,,,,,
TACKLE MADE,2126.43731946,2132.1703399,01,1084,Vivas Mayco,Jaguares XV,21,20220520-SLAR-P31-SEL@JXV,,,TACKLE MADE,,,,,
TACKLE MADE,2327.55341111,2331.99203241,10,1290,Zuccarino Juan,Selknam,23,20220520-SLAR-P31-SEL@JXV,,,TACKLE MADE,,,,,
TACKLE MADE,2332.09203241,2336.52670948,15,75,Urroz Francisco,Selknam,23,20220520-SLAR-P31-SEL@JXV,,,TACKLE MADE,,,,,
TACKLE MADE,2348.21955556,2352.67436154,08,66,Escobar Alfonso,Selknam,23,20220520-SLAR-P31-SEL@JXV,,,TACKLE MADE,,,,,
TACKLE MADE,2352.77436154,2355.41500934,02,1118,Escobar Diego,Selknam,23,20220520-SLAR-P31-SEL@JXV,,,TACKLE MADE,,,,,
TACKLE MADE,2355.51500934,2359.19874228,01,1279,Lues Salvador,Selknam,23,20220520-SLAR-P31-SEL@JXV,,,TACKLE MADE,,,,,
TACKLE MADE,2359.29874228,2362.98853441,05,94,Molina Franco,Selknam,23,20220520-SLAR-P31-SEL@JXV,,,TACKLE MADE,,,,,
TACKLE MADE,2365.01656667,2369.3374993,07,1269,Edwards Santiago,Selknam,23,20220520-SLAR-P31-SEL@JXV,,,TACKLE MADE,,,,,
TACKLE MADE,2369.4374993,2372.30014554,06,63,Sigren Martín,Selknam,23,20220520-SLAR-P31-SEL@JXV,,,TACKLE MADE,,,,,
TACKLE MADE,2372.40014554,2378.14957891,01,1279,Lues Salvador,Selknam,23,20220520-SLAR-P31-SEL@JXV,,,TACKLE MADE,,,,,
TACKLE MADE,2677.84947778,2686.38958663,05,94,Molina Franco,Selknam,23,20220520-SLAR-P31-SEL@JXV,,,TACKLE MADE,,,,,
TACKLE MADE,3554.95827778,3559.15460688,04,1209,Rubiolo Pedro,Jaguares XV,21,20220520-SLAR-P31-SEL@JXV,,,TACKLE MADE,,,,,
TACKLE MADE,3559.25460688,3563.64407913,07,1181,Gómez Vara Jerónimo ,Jaguares XV,21,20220520-SLAR-P31-SEL@JXV,,,KICK IN GAME,,,,,
TACKLE MADE,3576.49123333,3584.11089266,10,1086,Prisciantelli Gerónimo,Jaguares XV,21,20220520-SLAR-P31-SEL@JXV,,,TACKLE MADE,,,,,
TACKLE MADE,3584.21089266,3591.95786842,07,1181,Gómez Vara Jerónimo ,Jaguares XV,21,20220520-SLAR-P31-SEL@JXV,,,TACKLE MADE,,,,,
TACKLE MADE,3710.29717778,3714.57291932,16,54,Dussaillant Tomás,Selknam,23,20220520-SLAR-P31-SEL@JXV,,,TACKLE MADE,,,,,
TACKLE MADE,3714.67291932,3718.95540072,20,61,Silva Ignacio,Selknam,23,20220520-SLAR-P31-SEL@JXV,,,TACKLE MADE,,,,,
TACKLE MADE,3724.66315556,3733.21775719,13,71,Saavedra Domingo,Selknam,23,20220520-SLAR-P31-SEL@JXV,,,TACKLE MADE,,,,,
TACKLE MADE,3792.34684444,3796.5034279,05,94,Molina Franco,Selknam,23,20220520-SLAR-P31-SEL@JXV,,,TACKLE MADE,,,,,
TACKLE MADE,3796.6034279,3800.03861684,16,54,Dussaillant Tomás,Selknam,23,20220520-SLAR-P31-SEL@JXV,,,TACKLE MADE,,,,,
TACKLE MADE,3800.13861684,3807.23447116,13,108,Segura Agustín,Jaguares XV,21,20220520-SLAR-P31-SEL@JXV,,,TACKLE MADE,,,,,
TACKLE MADE,4088.89505556,4097.20946333,12,72,Garafulic Matías,Selknam,23,20220520-SLAR-P31-SEL@JXV,,,TACKLE MADE,,,,,
TACKLE MADE,4112.84183333,4120.8295865,07,1181,Gómez Vara Jerónimo ,Jaguares XV,21,20220520-SLAR-P31-SEL@JXV,,,TACKLE MADE,,,,,
TACKLE MADE,4120.9295865,4128.93165563,09,1088,Iriarte Rafael,Jaguares XV,21,20220520-SLAR-P31-SEL@JXV,,,TACKLE MADE,,,,,
TACKLE MADE,4134.69808889,4138.94665551,14,1298,Mendy Ignacio,Jaguares XV,21,20220520-SLAR-P31-SEL@JXV,,,TACKLE MADE,,,,,
TACKLE MADE,4139.04665551,4143.23225172,12,105,Cubilla Tomás,Jaguares XV,21,20220520-SLAR-P31-SEL@JXV,,,TACKLE MADE,,,,,
TACKLE MADE,4218.13358889,4222.39649626,12,105,Cubilla Tomás,Jaguares XV,21,20220520-SLAR-P31-SEL@JXV,,,TACKLE MADE,,,,,
TACKLE MADE,4222.49649626,4224.76379553,10,1086,Prisciantelli Gerónimo,Jaguares XV,21,20220520-SLAR-P31-SEL@JXV,,,TACKLE MADE,,,,,
TACKLE MADE,4224.86379553,4228.70009669,03,1292,Caro Saisi Lautaro,Jaguares XV,21,20220520-SLAR-P31-SEL@JXV,,,TACKLE MADE,,,,,
TACKLE MADE,4228.80009669,4230.49436857,01,1084,Vivas Mayco,Jaguares XV,21,20220520-SLAR-P31-SEL@JXV,,,TACKLE MADE,,,,,
TACKLE MADE,4230.59436857,4233.12837283,07,1181,Gómez Vara Jerónimo ,Jaguares XV,21,20220520-SLAR-P31-SEL@JXV,,,TACKLE MADE,,,,,
TACKLE MADE,4233.22837283,4236.50688785,10,1086,Prisciantelli Gerónimo,Jaguares XV,21,20220520-SLAR-P31-SEL@JXV,,,TACKLE MADE,,,,,
TACKLE MADE,4236.60688785,4241.00333333,03,1292,Caro Saisi Lautaro,Jaguares XV,21,20220520-SLAR-P31-SEL@JXV,,,TACKLE MADE,,,,,
TACKLE MADE,4564.4213,4572.95804505,06,63,Sigren Martín,Selknam,23,20220520-SLAR-P31-SEL@JXV,,,TACKLE MADE,,,,,
TACKLE MADE,4573.95204444,4578.63663624,05,94,Molina Franco,Selknam,23,20220520-SLAR-P31-SEL@JXV,,,TACKLE MADE,,,,,
TACKLE MADE,4578.73663624,4582.58717814,04,59,Pedrero Santiago,Selknam,23,20220520-SLAR-P31-SEL@JXV,,,TACKLE MADE,,,,,
TACKLE MADE,4582.68717814,4586.38606794,08,66,Escobar Alfonso,Selknam,23,20220520-SLAR-P31-SEL@JXV,,,TACKLE MADE,,,,,
TACKLE MADE,4586.48606794,4589.88876659,20,61,Silva Ignacio,Selknam,23,20220520-SLAR-P31-SEL@JXV,,,TACKLE MADE,,,,,
TACKLE MADE,4589.98876659,4597.69932224,04,59,Pedrero Santiago,Selknam,23,20220520-SLAR-P31-SEL@JXV,,,TACKLE MADE,,,,,
TACKLE MADE,4656.57713333,4663.90232125,15,75,Urroz Francisco,Selknam,23,20220520-SLAR-P31-SEL@JXV,,,TACKLE MADE,,,,,
TACKLE MADE,4664.00232125,4671.29799247,04,59,Pedrero Santiago,Selknam,23,20220520-SLAR-P31-SEL@JXV,,,TACKLE MADE,,,,,
TACKLE MADE,4671.64581111,4676.05296745,12,72,Garafulic Matías,Selknam,23,20220520-SLAR-P31-SEL@JXV,,,TACKLE MADE,,,,,
TACKLE MADE,4676.15296745,4680.54473723,10,1290,Zuccarino Juan,Selknam,23,20220520-SLAR-P31-SEL@JXV,,,TACKLE MADE,,,,,
TACKLE MADE,4811.81503333,4820.35680073,12,72,Garafulic Matías,Selknam,23,20220520-SLAR-P31-SEL@JXV,,,TACKLE MADE,,,,,
TACKLE MADE,4824.50167778,4831.39454139,13,71,Saavedra Domingo,Selknam,23,20220520-SLAR-P31-SEL@JXV,,,TACKLE MADE,,,,,
TACKLE MADE,4831.49454139,4837.84954965,14,62,Garafulic Nicolás,Selknam,23,20220520-SLAR-P31-SEL@JXV,,,TACKLE MADE,,,,,
TACKLE MADE,4837.94954965,4841.92213945,20,61,Silva Ignacio,Selknam,23,20220520-SLAR-P31-SEL@JXV,,,TACKLE MADE,,,,,
TACKLE MADE,4842.02213945,4845.64143114,04,59,Pedrero Santiago,Selknam,23,20220520-SLAR-P31-SEL@JXV,,,TACKLE MADE,,,,,
TACKLE MADE,4845.74143114,4852.8563555,08,66,Escobar Alfonso,Selknam,23,20220520-SLAR-P31-SEL@JXV,,,TACKLE MADE,,,,,
TACKLE MADE,4950.85356667,4959.34287823,06,1299,Panzarini Andrea,Jaguares XV,21,20220520-SLAR-P31-SEL@JXV,,,TACKLE MADE,,,,,
TACKLE MADE,4961.97516667,4966.42415406,04,1209,Rubiolo Pedro,Jaguares XV,21,20220520-SLAR-P31-SEL@JXV,,,TACKLE MADE,,,,,
TACKLE MADE,4966.52415406,4970.47496942,18,1294,Coronel Javier,Jaguares XV,21,20220520-SLAR-P31-SEL@JXV,,,TACKLE MADE,,,,,
TACKLE MADE,4970.57496942,4978.20205649,06,1299,Panzarini Andrea,Jaguares XV,21,20220520-SLAR-P31-SEL@JXV,,,TACKLE MADE,,,,,
TACKLE MADE,5453.66626667,5462.21698591,20,61,Silva Ignacio,Selknam,23,20220520-SLAR-P31-SEL@JXV,,,TACKLE MADE,,,,,
TACKLE MADE,5465.76687778,5470.02146092,15,75,Urroz Francisco,Selknam,23,20220520-SLAR-P31-SEL@JXV,,,TACKLE MADE,,,,,
TACKLE MADE,5470.12146092,5472.78715397,06,63,Sigren Martín,Selknam,23,20220520-SLAR-P31-SEL@JXV,,,TACKLE MADE,,,,,
TACKLE MADE,5472.88715397,5476.62517994,16,54,Dussaillant Tomás,Selknam,23,20220520-SLAR-P31-SEL@JXV,,,TACKLE MADE,,,,,
TACKLE MADE,5476.72517994,5480.45201791,05,94,Molina Franco,Selknam,23,20220520-SLAR-P31-SEL@JXV,,,TACKLE MADE,,,,,
TACKLE MADE,5580.01571111,5588.56694523,18,1277,Lastra Vittorio,Selknam,23,20220520-SLAR-P31-SEL@JXV,,,TACKLE MADE,,,,,
TACKLE MADE,5610.57945556,5617.83720177,05,94,Molina Franco,Selknam,23,20220520-SLAR-P31-SEL@JXV,,,TACKLE MADE,,,,,
TACKLE MADE,5617.93720177,5622.23227147,17,1117,Carrasco Javier,Selknam,23,20220520-SLAR-P31-SEL@JXV,,,TACKLE MADE,,,,,
TACKLE MADE,5622.33227147,5626.45459899,18,1277,Lastra Vittorio,Selknam,23,20220520-SLAR-P31-SEL@JXV,,,TACKLE MADE,,,,,
TACKLE MADE,5626.55459899,5634.35312711,22,68,Videla Santiago,Selknam,23,20220520-SLAR-P31-SEL@JXV,,,TACKLE MADE,,,,,
TACKLE MADE,5638.97201726,5643.61493535,18,1277,Lastra Vittorio,Selknam,23,20220520-SLAR-P31-SEL@JXV,,,TACKLE MADE,,,,,
TACKLE MADE,5643.71493535,5649.34646905,06,63,Sigren Martín,Selknam,23,20220520-SLAR-P31-SEL@JXV,,,TACKLE MADE,,,,,
TACKLE MADE,5695.93047778,5704.50161632,10,1290,Zuccarino Juan,Selknam,23,20220520-SLAR-P31-SEL@JXV,,,TACKLE MADE,,,,,
TACKLE MADE,5707.39974444,5715.93417708,08,66,Escobar Alfonso,Selknam,23,20220520-SLAR-P31-SEL@JXV,,,TACKLE MADE,,,,,
TACKLE MADE,5716.06242222,5720.68835715,19,1285,Sarmiento Augusto,Selknam,23,20220520-SLAR-P31-SEL@JXV,,,TACKLE MADE,,,,,
TACKLE MADE,5720.78835715,5723.94568474,06,63,Sigren Martín,Selknam,23,20220520-SLAR-P31-SEL@JXV,,,TACKLE MADE,,,,,
TACKLE MADE,5724.04568474,5729.85053201,20,61,Silva Ignacio,Selknam,23,20220520-SLAR-P31-SEL@JXV,,,TACKLE MADE,,,,,
TACKLE MADE,5801.25772222,5808.52363043,10,1086,Prisciantelli Gerónimo,Jaguares XV,21,20220520-SLAR-P31-SEL@JXV,,,TACKLE MADE,,,,,
TACKLE MADE,5808.62363043,5814.76466292,14,1298,Mendy Ignacio,Jaguares XV,21,20220520-SLAR-P31-SEL@JXV,,,TACKLE MADE,,,,,
TACKLE MADE,5814.86466292,5820.40438829,20,197,Pedemonte Juan Bautista,Jaguares XV,21,20220520-SLAR-P31-SEL@JXV,,,TACKLE MADE,,,,,
TACKLE MADE,5820.50438829,5827.06332459,04,1209,Rubiolo Pedro,Jaguares XV,21,20220520-SLAR-P31-SEL@JXV,,,TACKLE MADE,,,,,
TACKLE MADE,5958.82922222,5963.4476097,16,1206,Bernasconi Bautista,Jaguares XV,21,20220520-SLAR-P31-SEL@JXV,,,TACKLE MADE,,,,,
TACKLE MADE,5963.5476097,5965.68938948,15,75,Urroz Francisco,Selknam,23,20220520-SLAR-P31-SEL@JXV,,,TACKLE MADE,,,,,
TACKLE MADE,5965.78938948,5969.17028312,20,61,Silva Ignacio,Selknam,23,20220520-SLAR-P31-SEL@JXV,,,TACKLE MADE,,,,,
TACKLE MADE,5969.27028312,5972.69273993,19,1285,Sarmiento Augusto,Selknam,23,20220520-SLAR-P31-SEL@JXV,,,TACKLE MADE,,,,,
TACKLE MADE,5973.4553,5977.88155886,06,63,Sigren Martín,Selknam,23,20220520-SLAR-P31-SEL@JXV,,,TACKLE MADE,,,,,
TACKLE MADE,5977.98155886,5982.35691175,08,66,Escobar Alfonso,Selknam,23,20220520-SLAR-P31-SEL@JXV,,,TACKLE MADE,,,,,
TACKLE MADE,5992.72993333,6000.82965931,15,75,Urroz Francisco,Selknam,23,20220520-SLAR-P31-SEL@JXV,,,TACKLE MADE,,,,,
TACKLE MADE,6000.92965931,6006.9977362,19,1285,Sarmiento Augusto,Selknam,23,20220520-SLAR-P31-SEL@JXV,,,TACKLE MADE,,,,,
TACKLE MADE,6007.0977362,6013.4158179,21,225,Torrealba Marcelo,Selknam,23,20220520-SLAR-P31-SEL@JXV,,,TACKLE MADE,,,,,
TACKLE MADE,6013.56458889,6020.34216625,08,66,Escobar Alfonso,Selknam,23,20220520-SLAR-P31-SEL@JXV,,,TACKLE MADE,,,,,
TACKLE MADE,6020.44216625,6025.53678748,06,63,Sigren Martín,Selknam,23,20220520-SLAR-P31-SEL@JXV,,,TACKLE MADE,,,,,
TACKLE MADE,6025.63678748,6032.05052035,21,225,Torrealba Marcelo,Selknam,23,20220520-SLAR-P31-SEL@JXV,,,TACKLE MADE,,,,,
TACKLE MADE,6032.31394444,6040.80713105,20,61,Silva Ignacio,Selknam,23,20220520-SLAR-P31-SEL@JXV,,,TACKLE MADE,,,,,
TACKLE MADE,6042.79258889,6051.26273529,14,62,Garafulic Nicolás,Selknam,23,20220520-SLAR-P31-SEL@JXV,,,TACKLE MADE,,,,,
TACKLE MADE,6053.48273333,6061.92304503,05,94,Molina Franco,Selknam,23,20220520-SLAR-P31-SEL@JXV,,,TACKLE MADE,,,,,
TACKLE MADE,6062.02304503,6070.34996901,15,75,Urroz Francisco,Selknam,23,20220520-SLAR-P31-SEL@JXV,,,TACKLE MADE,,,,,
TACKLE MADE,6070.67125556,6074.76386819,16,54,Dussaillant Tomás,Selknam,23,20220520-SLAR-P31-SEL@JXV,,,TACKLE MADE,,,,,
TACKLE MADE,6074.86386819,6077.51228119,05,94,Molina Franco,Selknam,23,20220520-SLAR-P31-SEL@JXV,,,TACKLE MADE,,,,,
TACKLE MADE,6077.61228119,6082.42535448,18,1277,Lastra Vittorio,Selknam,23,20220520-SLAR-P31-SEL@JXV,,,TACKLE MADE,,,,,
TACKLE MADE,6082.52535448,6089.79973104,12,72,Garafulic Matías,Selknam,23,20220520-SLAR-P31-SEL@JXV,,FOUL PLAY,TACKLE MADE,,,,,
TACKLE MADE,6205.31495556,6209.64067554,06,63,Sigren Martín,Selknam,23,20220520-SLAR-P31-SEL@JXV,,,TACKLE MADE,,,,,
TACKLE MADE,6209.74067554,6214.05088994,20,61,Silva Ignacio,Selknam,23,20220520-SLAR-P31-SEL@JXV,,,TACKLE MADE,,,,,
TACKLE MADE,6217.1192,6224.02129243,06,63,Sigren Martín,Selknam,23,20220520-SLAR-P31-SEL@JXV,,,TACKLE MADE,,,,,
TACKLE MADE,6224.12129243,6231.02915526,20,61,Silva Ignacio,Selknam,23,20220520-SLAR-P31-SEL@JXV,,,TACKLE MADE,,,,,
TACKLE MADE,6291.17622222,6295.56874026,22,68,Videla Santiago,Selknam,23,20220520-SLAR-P31-SEL@JXV,,,TACKLE MADE,,,,,
TACKLE MADE,6295.66874026,6300.06582687,12,72,Garafulic Matías,Selknam,23,20220520-SLAR-P31-SEL@JXV,,,TACKLE MADE,,,,,
MISSED TACKLE,342.16115556,346.92888505,15,75,Urroz Francisco,Selknam,23,20220520-SLAR-P31-SEL@JXV,,,MISSED TACKLE,,,,,
MISSED TACKLE,347.02888505,351.77868432,02,1118,Escobar Diego,Selknam,23,20220520-SLAR-P31-SEL@JXV,,,MISSED TACKLE,,,,,
MISSED TACKLE,352.67681111,361.17989094,07,1269,Edwards Santiago,Selknam,23,20220520-SLAR-P31-SEL@JXV,,,MISSED TACKLE,,,,,
MISSED TACKLE,363.38111111,368.55252101,11,226,Strabucchi Luca,Selknam,23,20220520-SLAR-P31-SEL@JXV,,,MISSED TACKLE,,,,,
MISSED TACKLE,368.65252101,373.79871812,13,71,Saavedra Domingo,Selknam,23,20220520-SLAR-P31-SEL@JXV,,,MISSED TACKLE,,,,,
MISSED TACKLE,692.45894444,700.86605556,08,99,Ruiz Santiago,Jaguares XV,21,20220520-SLAR-P31-SEL@JXV,,,MISSED TACKLE,,,,,
MISSED TACKLE,1330.93226667,1339.53473566,09,1288,Videla Benjamín,Selknam,23,20220520-SLAR-P31-SEL@JXV,,,MISSED TACKLE,,,,,
MISSED TACKLE,1353.2734,1361.78879599,11,226,Strabucchi Luca,Selknam,23,20220520-SLAR-P31-SEL@JXV,,,MISSED TACKLE,,,,,
MISSED TACKLE,1478.54111111,1483.61705861,13,71,Saavedra Domingo,Selknam,23,20220520-SLAR-P31-SEL@JXV,,,MISSED TACKLE,,,,,
MISSED TACKLE,1483.71705861,1488.77974216,01,1279,Lues Salvador,Selknam,23,20220520-SLAR-P31-SEL@JXV,,,MISSED TACKLE,,,,,
MISSED TACKLE,1638.70736667,1646.58476483,13,71,Saavedra Domingo,Selknam,23,20220520-SLAR-P31-SEL@JXV,,,MISSED TACKLE,,,,,
MISSED TACKLE,1646.68476483,1654.53085088,08,66,Escobar Alfonso,Selknam,23,20220520-SLAR-P31-SEL@JXV,,,MISSED TACKLE,,,,,
MISSED TACKLE,2114.30902222,2122.85132537,09,1088,Iriarte Rafael,Jaguares XV,21,20220520-SLAR-P31-SEL@JXV,,,MISSED TACKLE,,,,,
MISSED TACKLE,2326.87042222,2335.34815303,14,62,Garafulic Nicolás,Selknam,23,20220520-SLAR-P31-SEL@JXV,,,MISSED TACKLE,,,,,
MISSED TACKLE,2487.85136667,2496.32622836,05,94,Molina Franco,Selknam,23,20220520-SLAR-P31-SEL@JXV,,,MISSED TACKLE,,,,,
MISSED TACKLE,3722.35128889,3730.8134977,10,1290,Zuccarino Juan,Selknam,23,20220520-SLAR-P31-SEL@JXV,,,MISSED TACKLE,,,,,
MISSED TACKLE,3786.48127778,3794.95992291,12,72,Garafulic Matías,Selknam,23,20220520-SLAR-P31-SEL@JXV,,,MISSED TACKLE,,,,,
MISSED TACKLE,4070.68496667,4079.18165037,04,1209,Rubiolo Pedro,Jaguares XV,21,20220520-SLAR-P31-SEL@JXV,,,MISSED TACKLE,,,,,
MISSED TACKLE,4111.45581111,4119.94218035,03,1292,Caro Saisi Lautaro,Jaguares XV,21,20220520-SLAR-P31-SEL@JXV,,,MISSED TACKLE,,,,,
MISSED TACKLE,4227.89406667,4234.4454468,13,108,Segura Agustín,Jaguares XV,21,20220520-SLAR-P31-SEL@JXV,,,MISSED TACKLE,,,,,
MISSED TACKLE,4234.5454468,4242.00014496,06,1299,Panzarini Andrea,Jaguares XV,21,20220520-SLAR-P31-SEL@JXV,,,MISSED TACKLE,,,,,
MISSED TACKLE,4651.56505556,4660.07953122,08,66,Escobar Alfonso,Selknam,23,20220520-SLAR-P31-SEL@JXV,,,MISSED TACKLE,,,,,
MISSED TACKLE,4661.66337778,4670.1994361,17,1117,Carrasco Javier,Selknam,23,20220520-SLAR-P31-SEL@JXV,,,MISSED TACKLE,,,,,
MISSED TACKLE,4671.02645556,4679.55004927,13,71,Saavedra Domingo,Selknam,23,20220520-SLAR-P31-SEL@JXV,,,MISSED TACKLE,,,,,
MISSED TACKLE,4810.65924444,4819.17800648,13,71,Saavedra Domingo,Selknam,23,20220520-SLAR-P31-SEL@JXV,,,MISSED TACKLE,,,,,
MISSED TACKLE,4828.57298889,4836.94487026,16,54,Dussaillant Tomás,Selknam,23,20220520-SLAR-P31-SEL@JXV,,,MISSED TACKLE,,,,,
MISSED TACKLE,4856.23382222,4864.60793333,14,1298,Mendy Ignacio,Jaguares XV,21,20220520-SLAR-P31-SEL@JXV,,,MISSED TACKLE,,,,,
MISSED TACKLE,4959.47055556,4968.05488087,08,99,Ruiz Santiago,Jaguares XV,21,20220520-SLAR-P31-SEL@JXV,,,MISSED TACKLE,,,,,
MISSED TACKLE,5450.75407778,5455.40313287,19,1285,Sarmiento Augusto,Selknam,23,20220520-SLAR-P31-SEL@JXV,,,MISSED TACKLE,,,,,
MISSED TACKLE,5455.50313287,5460.14971122,05,94,Molina Franco,Selknam,23,20220520-SLAR-P31-SEL@JXV,,,MISSED TACKLE,,,,,
MISSED TACKLE,5609.28764444,5616.69563437,11,226,Strabucchi Luca,Selknam,23,20220520-SLAR-P31-SEL@JXV,,,MISSED TACKLE,,,,,
MISSED TACKLE,5616.79563437,5624.15778228,19,1285,Sarmiento Augusto,Selknam,23,20220520-SLAR-P31-SEL@JXV,,,MISSED TACKLE,,,,,
MISSED TACKLE,5956.61111111,5961.46017044,14,62,Garafulic Nicolás,Selknam,23,20220520-SLAR-P31-SEL@JXV,,,MISSED TACKLE,,,,,
MISSED TACKLE,5961.56017044,5966.36812328,19,1285,Sarmiento Augusto,Selknam,23,20220520-SLAR-P31-SEL@JXV,,,MISSED TACKLE,,,,,
MISSED TACKLE,5989.74928889,5998.20862265,11,226,Strabucchi Luca,Selknam,23,20220520-SLAR-P31-SEL@JXV,,,MISSED TACKLE,,,,,
MISSED TACKLE,5999.10517778,6006.36989276,16,54,Dussaillant Tomás,Selknam,23,20220520-SLAR-P31-SEL@JXV,,,MISSED TACKLE,,,,,
MISSED TACKLE,6006.46989276,6013.75291445,21,225,Torrealba Marcelo,Selknam,23,20220520-SLAR-P31-SEL@JXV,,,MISSED TACKLE,,,,,
MISSED TACKLE,6015.0509,6022.64665188,11,226,Strabucchi Luca,Selknam,23,20220520-SLAR-P31-SEL@JXV,,,MISSED TACKLE,,,,,
MISSED TACKLE,6022.74665188,6030.19595189,14,62,Garafulic Nicolás,Selknam,23,20220520-SLAR-P31-SEL@JXV,,,MISSED TACKLE,,,,,
MISSED TACKLE,6250.27877778,6252.66991892,12,72,Garafulic Matías,Selknam,23,20220520-SLAR-P31-SEL@JXV,,,MISSED TACKLE,,,,,
MISSED TACKLE,6252.76991892,6255.98701918,06,63,Sigren Martín,Selknam,23,20220520-SLAR-P31-SEL@JXV,,,MISSED TACKLE,,,,,
MISSED TACKLE,6256.08701918,6258.87398921,19,1285,Sarmiento Augusto,Selknam,23,20220520-SLAR-P31-SEL@JXV,,,MISSED TACKLE,,,,,
PESCADOR,4969.61176667,4983.70791032,09,1088,Iriarte Rafael,Jaguares XV,21,20220520-SLAR-P31-SEL@JXV,,,PESCADOR,,,,,
PESCADOR,5100.28794444,5112.80761153,13,108,Segura Agustín,Jaguares XV,21,20220520-SLAR-P31-SEL@JXV,,,PESCADOR,,,,,
TERRITORY,155.28140575,169.88082317,,,,Jaguares XV,21,20220520-SLAR-P31-SEL@JXV,,,,,,,,
TERRITORY,268.91666667,272.9489703,,,,Jaguares XV,21,20220520-SLAR-P31-SEL@JXV,,,,,,,,
TERRITORY,681.98333333,703.22692215,,,,Jaguares XV,21,20220520-SLAR-P31-SEL@JXV,,,,,,,,
TERRITORY,897.79166667,943.88518111,,,,Jaguares XV,21,20220520-SLAR-P31-SEL@JXV,,,,,,,,
TERRITORY,971.015,984.52227324,,,,Jaguares XV,21,20220520-SLAR-P31-SEL@JXV,,,,,,,,
TERRITORY,1097.84833333,1104.81790327,,,,Jaguares XV,21,20220520-SLAR-P31-SEL@JXV,,,,,,,,
TERRITORY,1348.63651111,1351.95239451,,,,Jaguares XV,21,20220520-SLAR-P31-SEL@JXV,,,,,,,,
TERRITORY,1580.99217808,1588.49111814,,,,Jaguares XV,21,20220520-SLAR-P31-SEL@JXV,,,,,,,,
TERRITORY,1642.49217778,1662.98611331,,,,Jaguares XV,21,20220520-SLAR-P31-SEL@JXV,,,,,,,,
TERRITORY,1773.63166667,1778.41057748,,,,Jaguares XV,21,20220520-SLAR-P31-SEL@JXV,,,,,,,,
TERRITORY,2139.0155723,2143.58920486,,,,Jaguares XV,21,20220520-SLAR-P31-SEL@JXV,,,,,,,,
TERRITORY,2240.89833333,2243.5709111,,,,Jaguares XV,21,20220520-SLAR-P31-SEL@JXV,,,,,,,,
TERRITORY,2488.01079871,2498.44122159,,,,Jaguares XV,21,20220520-SLAR-P31-SEL@JXV,,,,,,,,
TERRITORY,2863.13068889,2877.6981792,,,,Jaguares XV,21,20220520-SLAR-P31-SEL@JXV,,,,,,,,
TERRITORY,3570.53747184,3577.98532222,,,,Jaguares XV,21,20220520-SLAR-P31-SEL@JXV,,,,,,,,
TERRITORY,3784.43666667,3806.66683884,,,,Jaguares XV,21,20220520-SLAR-P31-SEL@JXV,,,,,,,,
TERRITORY,3886.95166667,3892.37745764,,,,Jaguares XV,21,20220520-SLAR-P31-SEL@JXV,,,,,,,,
TERRITORY,3980.28065918,3983.94754083,,,,Jaguares XV,21,20220520-SLAR-P31-SEL@JXV,,,,,,,,
TERRITORY,4087.95037778,4100.68446667,,,,Jaguares XV,21,20220520-SLAR-P31-SEL@JXV,,,,,,,,
TERRITORY,4107.43173333,4142.58360778,,,,Jaguares XV,21,20220520-SLAR-P31-SEL@JXV,,,,,,,,
TERRITORY,4207.66333333,4240.53271339,,,,Jaguares XV,21,20220520-SLAR-P31-SEL@JXV,,,,,,,,
TERRITORY,4395.0228,4398.79789359,,,,Jaguares XV,21,20220520-SLAR-P31-SEL@JXV,,,,,,,,
TERRITORY,4807.80451732,4815.52197778,,,,Jaguares XV,21,20220520-SLAR-P31-SEL@JXV,,,,,,,,
TERRITORY,4824.177,4826.18754444,,,,Jaguares XV,21,20220520-SLAR-P31-SEL@JXV,,,,,,,,
TERRITORY,4863.19046667,4865.62460854,,,,Jaguares XV,21,20220520-SLAR-P31-SEL@JXV,,,,,,,,
TERRITORY,4943.19463472,4978.78796878,,,,Jaguares XV,21,20220520-SLAR-P31-SEL@JXV,,,,,,,,
TERRITORY,5052.1711089,5059.5703767,,,,Jaguares XV,21,20220520-SLAR-P31-SEL@JXV,,,,,,,,
TERRITORY,5096.24742222,5102.87788889,,,,Jaguares XV,21,20220520-SLAR-P31-SEL@JXV,,,,,,,,
TERRITORY,5109.02995556,5112.78118832,,,,Jaguares XV,21,20220520-SLAR-P31-SEL@JXV,,,,,,,,
TERRITORY,5431.87795636,5438.77623934,,,,Jaguares XV,21,20220520-SLAR-P31-SEL@JXV,,,,,,,,
TERRITORY,5446.03612222,5484.48855021,,,,Jaguares XV,21,20220520-SLAR-P31-SEL@JXV,,,,,,,,
TERRITORY,5563.36104802,5652.70288107,,,,Jaguares XV,21,20220520-SLAR-P31-SEL@JXV,,,,,,,,
TERRITORY,5693.58833333,5728.60258056,,,,Jaguares XV,21,20220520-SLAR-P31-SEL@JXV,,,,,,,,
TERRITORY,5795.2965,5830.30116965,,,,Jaguares XV,21,20220520-SLAR-P31-SEL@JXV,,,,,,,,
TERRITORY,5955.43,5962.37168284,,,,Jaguares XV,21,20220520-SLAR-P31-SEL@JXV,,,,,,,,
TIME OUT,169.88082317,268.91666667,,,,,,20220520-SLAR-P31-SEL@JXV,,,,,,,,
TIME OUT,272.9489703,316.0423,,,,,,20220520-SLAR-P31-SEL@JXV,,,,,,,,
TIME OUT,391.33349779,499.23333333,,,,,,20220520-SLAR-P31-SEL@JXV,,,,,,,,
TIME OUT,515.53265859,620.57666667,,,,,,20220520-SLAR-P31-SEL@JXV,,,,,,,,
TIME OUT,623.73269234,681.98333333,,,,,,20220520-SLAR-P31-SEL@JXV,,,,,,,,
TIME OUT,703.22692215,825.36267778,,,,,,20220520-SLAR-P31-SEL@JXV,,,,,,,,
TIME OUT,864.35271332,897.79166667,,,,,,20220520-SLAR-P31-SEL@JXV,,,,,,,,
TIME OUT,943.88518111,971.015,,,,,,20220520-SLAR-P31-SEL@JXV,,,,,,,,
TIME OUT,984.52227324,1097.84833333,,,,,,20220520-SLAR-P31-SEL@JXV,,,,,,,,
TIME OUT,1104.81790327,1238.503,,,,,,20220520-SLAR-P31-SEL@JXV,,,,,,,,
TIME OUT,1267.15026094,1332.66022222,,,,,,20220520-SLAR-P31-SEL@JXV,,,,,,,,
TIME OUT,1362.70979274,1404.74166667,,,,,,20220520-SLAR-P31-SEL@JXV,,,,,,,,
TIME OUT,1436.34965085,1464.85377778,,,,,,20220520-SLAR-P31-SEL@JXV,,,,,,,,
TIME OUT,1488.29250013,1580.99217808,,,,,,20220520-SLAR-P31-SEL@JXV,,,,,,,,
TIME OUT,1588.49111814,1631.3033889,,,,,,20220520-SLAR-P31-SEL@JXV,,,,,,,,
TIME OUT,1662.98611331,1773.63166667,,,,,,20220520-SLAR-P31-SEL@JXV,,,,,,,,
TIME OUT,1778.41057748,1824.26666667,,,,,,20220520-SLAR-P31-SEL@JXV,,,,,,,,
TIME OUT,1871.77337778,1987.03569641,,,,,,20220520-SLAR-P31-SEL@JXV,,,,,,,,
TIME OUT,1992.35362246,2035.01833333,,,,,,20220520-SLAR-P31-SEL@JXV,,,,,,,,
TIME OUT,2052.27392604,2113.26948597,,,,,,20220520-SLAR-P31-SEL@JXV,,,,,,,,
TIME OUT,2143.58920486,2240.89833333,,,,,,20220520-SLAR-P31-SEL@JXV,,,,,,,,
TIME OUT,2243.5709111,2320.76916667,,,,,,20220520-SLAR-P31-SEL@JXV,,,,,,,,
TIME OUT,2379.01018889,2488.01079871,,,,,,20220520-SLAR-P31-SEL@JXV,,,,,,,,
TIME OUT,2498.44122159,2669.63,,,,,,20220520-SLAR-P31-SEL@JXV,,,,,,,,
TIME OUT,2686.01535556,2780.595,,,,,,20220520-SLAR-P31-SEL@JXV,,,,,,,,
TIME OUT,2785.11973839,2863.13068889,,,,,,20220520-SLAR-P31-SEL@JXV,,,,,,,,
TIME OUT,2877.6981792,2879.63147833,,,,,,20220520-SLAR-P31-SEL@JXV,,,,,,,,
TIME OUT,3601.0145746,3680.71772222,,,,,,20220520-SLAR-P31-SEL@JXV,,,,,,,,
TIME OUT,3687.98296891,3708.17746667,,,,,,20220520-SLAR-P31-SEL@JXV,,,,,,,,
TIME OUT,3732.60506825,3732.8852,,,,,,20220520-SLAR-P31-SEL@JXV,,,,,,,,
TIME OUT,3752.98333333,3784.43666667,,,,,,20220520-SLAR-P31-SEL@JXV,,,,,,,,
TIME OUT,3806.66683884,3886.95166667,,,,,,20220520-SLAR-P31-SEL@JXV,,,,,,,,
TIME OUT,3892.37745764,3980.28065918,,,,,,20220520-SLAR-P31-SEL@JXV,,,,,,,,
TIME OUT,3983.94754083,4046.56166667,,,,,,20220520-SLAR-P31-SEL@JXV,,,,,,,,
TIME OUT,4142.58360778,4207.66333333,,,,,,20220520-SLAR-P31-SEL@JXV,,,,,,,,
TIME OUT,4240.53271339,4395.0228,,,,,,20220520-SLAR-P31-SEL@JXV,,,,,,,,
TIME OUT,4398.79789359,4533.455036,,,,,,20220520-SLAR-P31-SEL@JXV,,,,,,,,
TIME OUT,4541.85478391,4563.45148889,,,,,,20220520-SLAR-P31-SEL@JXV,,,,,,,,
TIME OUT,4595.6364,4648.39,,,,,,20220520-SLAR-P31-SEL@JXV,,,,,,,,
TIME OUT,4688.92953116,4763.99915925,,,,,,20220520-SLAR-P31-SEL@JXV,,,,,,,,
TIME OUT,4767.06806603,4807.80451732,,,,,,20220520-SLAR-P31-SEL@JXV,,,,,,,,
TIME OUT,4865.62460854,4943.19463472,,,,,,20220520-SLAR-P31-SEL@JXV,,,,,,,,
TIME OUT,4978.78796878,5029.95333333,,,,,,20220520-SLAR-P31-SEL@JXV,,,,,,,,
TIME OUT,5067.01504444,5096.24742222,,,,,,20220520-SLAR-P31-SEL@JXV,,,,,,,,
TIME OUT,5115.08402864,5259.36888963,,,,,,20220520-SLAR-P31-SEL@JXV,,,,,,,,
TIME OUT,5262.75377035,5431.87795636,,,,,,20220520-SLAR-P31-SEL@JXV,,,,,,,,
TIME OUT,5487.05511596,5563.36104802,,,,,,20220520-SLAR-P31-SEL@JXV,,,,,,,,
TIME OUT,5652.70288107,5693.58833333,,,,,,20220520-SLAR-P31-SEL@JXV,,,,,,,,
TIME OUT,5728.60258056,5795.2965,,,,,,20220520-SLAR-P31-SEL@JXV,,,,,,,,
TIME OUT,5830.30116965,5945.21643999,,,,,,20220520-SLAR-P31-SEL@JXV,,,,,,,,
TIME OUT,6094.76532315,6182.61633333,,,,,,20220520-SLAR-P31-SEL@JXV,,,,,,,,
TIME OUT,6255.08183709,6294.11678889,,,,,,20220520-SLAR-P31-SEL@JXV,,,,,,,,
TIME OUT,6301.02733115,6303.24883968,,,,,,20220520-SLAR-P31-SEL@JXV,,,,,,,,
TERRITORY,316.0423,391.33349779,,,,Selknam,23,20220520-SLAR-P31-SEL@JXV,,,,,,,,
TERRITORY,499.23333333,515.53265859,,,,Selknam,23,20220520-SLAR-P31-SEL@JXV,,,,,,,,
TERRITORY,620.57666667,623.73269234,,,,Selknam,23,20220520-SLAR-P31-SEL@JXV,,,,,,,,
TERRITORY,825.36267778,864.35271332,,,,Selknam,23,20220520-SLAR-P31-SEL@JXV,,,,,,,,
TERRITORY,1238.503,1267.15026094,,,,Selknam,23,20220520-SLAR-P31-SEL@JXV,,,,,,,,
TERRITORY,1332.66022222,1348.63651111,,,,Selknam,23,20220520-SLAR-P31-SEL@JXV,,,,,,,,
TERRITORY,1351.95239451,1362.70979274,,,,Selknam,23,20220520-SLAR-P31-SEL@JXV,,,,,,,,
TERRITORY,1404.74166667,1436.34965085,,,,Selknam,23,20220520-SLAR-P31-SEL@JXV,,,,,,,,
TERRITORY,1464.85377778,1488.29250013,,,,Selknam,23,20220520-SLAR-P31-SEL@JXV,,,,,,,,
TERRITORY,1631.30338889,1642.49217778,,,,Selknam,23,20220520-SLAR-P31-SEL@JXV,,,,,,,,
TERRITORY,1824.26666667,1871.77337778,,,,Selknam,23,20220520-SLAR-P31-SEL@JXV,,,,,,,,
TERRITORY,1987.03569641,1992.35362246,,,,Selknam,23,20220520-SLAR-P31-SEL@JXV,,,,,,,,
TERRITORY,2035.01833333,2052.27392604,,,,Selknam,23,20220520-SLAR-P31-SEL@JXV,,,,,,,,
TERRITORY,2113.26948597,2139.0155723,,,,Selknam,23,20220520-SLAR-P31-SEL@JXV,,,,,,,,
TERRITORY,2320.76916667,2379.01018889,,,,Selknam,23,20220520-SLAR-P31-SEL@JXV,,,,,,,,
TERRITORY,2669.63,2686.01535556,,,,Selknam,23,20220520-SLAR-P31-SEL@JXV,,,,,,,,
TERRITORY,2780.595,2785.11973839,,,,Selknam,23,20220520-SLAR-P31-SEL@JXV,,,,,,,,
TERRITORY,3553.55155096,3570.53747184,,,,Selknam,23,20220520-SLAR-P31-SEL@JXV,,,,,,,,
TERRITORY,3577.98532222,3601.0145746,,,,Selknam,23,20220520-SLAR-P31-SEL@JXV,,,,,,,,
TERRITORY,3680.71772222,3687.98296891,,,,Selknam,23,20220520-SLAR-P31-SEL@JXV,,,,,,,,
TERRITORY,3708.17746667,3732.60506825,,,,Selknam,23,20220520-SLAR-P31-SEL@JXV,,,,,,,,
TERRITORY,3732.8852,3752.98812611,,,,Selknam,23,20220520-SLAR-P31-SEL@JXV,,,,,,,,
TERRITORY,4046.56166667,4087.95037778,,,,Selknam,23,20220520-SLAR-P31-SEL@JXV,,,,,,,,
TERRITORY,4100.68446667,4107.43173333,,,,Selknam,23,20220520-SLAR-P31-SEL@JXV,,,,,,,,
TERRITORY,4533.455036,4541.85478391,,,,Selknam,23,20220520-SLAR-P31-SEL@JXV,,,,,,,,
TERRITORY,4563.45148889,4595.6364,,,,Selknam,23,20220520-SLAR-P31-SEL@JXV,,,,,,,,
TERRITORY,4648.39,4688.92953116,,,,Selknam,23,20220520-SLAR-P31-SEL@JXV,,,,,,,,
TERRITORY,4763.99915925,4767.06806603,,,,Selknam,23,20220520-SLAR-P31-SEL@JXV,,,,,,,,
TERRITORY,4815.52197778,4824.177,,,,Selknam,23,20220520-SLAR-P31-SEL@JXV,,,,,,,,
TERRITORY,4826.18754444,4863.19046667,,,,Selknam,23,20220520-SLAR-P31-SEL@JXV,,,,,,,,
TERRITORY,5029.95333333,5052.1711089,,,,Selknam,23,20220520-SLAR-P31-SEL@JXV,,,,,,,,
TERRITORY,5059.5703767,5067.01504444,,,,Selknam,23,20220520-SLAR-P31-SEL@JXV,,,,,,,,
TERRITORY,5102.87788889,5109.02995556,,,,Selknam,23,20220520-SLAR-P31-SEL@JXV,,,,,,,,
TERRITORY,5112.78118832,5115.08402864,,,,Selknam,23,20220520-SLAR-P31-SEL@JXV,,,,,,,,
TERRITORY,5259.36888963,5262.75377035,,,,Selknam,23,20220520-SLAR-P31-SEL@JXV,,,,,,,,
TERRITORY,5438.77623934,5446.03612222,,,,Selknam,23,20220520-SLAR-P31-SEL@JXV,,,,,,,,
TERRITORY,5484.48855021,5487.05511596,,,,Selknam,23,20220520-SLAR-P31-SEL@JXV,,,,,,,,
TERRITORY,5945.21643999,5955.43387,,,,Selknam,23,20220520-SLAR-P31-SEL@JXV,,,,,,,,
TERRITORY,5962.37168284,6094.76532315,,,,Selknam,23,20220520-SLAR-P31-SEL@JXV,,,,,,,,
TERRITORY,6182.61633333,6255.08183709,,,,Selknam,23,20220520-SLAR-P31-SEL@JXV,,,,,,,,
TERRITORY,6294.11678889,6301.02733115,,,,Selknam,23,20220520-SLAR-P31-SEL@JXV,,,,,,,,
INTRO 22,348.67804444,391.33349779,,,,Jaguares XV,21,20220520-SLAR-P31-SEL@JXV,,,22-DE,,,,,
INTRO 22,685.83307778,703.22692215,,,,Selknam,23,20220520-SLAR-P31-SEL@JXV,,,22-DE,,,,,
INTRO 22,904.47952337,921.38728889,,,,Selknam,23,20220520-SLAR-P31-SEL@JXV,,,22-IZ,,,,,
INTRO 22,1335.24609885,1338.59575557,,,,Jaguares XV,21,20220520-SLAR-P31-SEL@JXV,,,22-CE,,,,,
INTRO 22,1471.97175045,1488.29250013,,,,Jaguares XV,21,20220520-SLAR-P31-SEL@JXV,,,22-CE,,,,,
INTRO 22,1829.97856667,1871.77337778,,,,Jaguares XV,21,20220520-SLAR-P31-SEL@JXV,,,22-IZ,,,,,
INTRO 22,2329.43322586,2379.01018889,,,,Jaguares XV,21,20220520-SLAR-P31-SEL@JXV,,,22-IZ,,,,,
INTRO 22,3734.56265556,3738.26753333,,,,Jaguares XV,21,20220520-SLAR-P31-SEL@JXV,,,22-DE,,,,,
INTRO 22,4077.35136732,4079.74942222,,,,Jaguares XV,21,20220520-SLAR-P31-SEL@JXV,,,22-CE,,,,,
INTRO 22,4207.66333333,4240.53271339,,,,Selknam,23,20220520-SLAR-P31-SEL@JXV,,,22-IZ,,,,,
INTRO 22,4648.39,4683.84873333,,,,Jaguares XV,21,20220520-SLAR-P31-SEL@JXV,,,22-DE,,,,,
INTRO 22,4686.32467778,4688.92953116,,,,Jaguares XV,21,20220520-SLAR-P31-SEL@JXV,,,,,,,,
INTRO 22,5795.2965,5830.30116965,,,,Selknam,23,20220520-SLAR-P31-SEL@JXV,,,22-CE,,,,,
INTRO 22,6064.2744,6094.76532315,,,,Jaguares XV,21,20220520-SLAR-P31-SEL@JXV,,,22-DE,,,,,
INTRO 22,6182.61633333,6255.08183709,,,,Jaguares XV,21,20220520-SLAR-P31-SEL@JXV,,,22-IZ,,,,,
INTRO 22,6294.11678889,6301.02733115,,,,Jaguares XV,21,20220520-SLAR-P31-SEL@JXV,,,,,,,,
ATTACK,159.11168889,165.2538889,,,,Jaguares XV,21,20220520-SLAR-P31-SEL@JXV,,,,,,,,
ATTACK,316.0423,391.33349779,,,,Jaguares XV,21,20220520-SLAR-P31-SEL@JXV,,,,,,,,
ATTACK,499.23333333,515.53265859,,,,Jaguares XV,21,20220520-SLAR-P31-SEL@JXV,,,,,,,,
ATTACK,825.36267778,829.18124445,,,,Jaguares XV,21,20220520-SLAR-P31-SEL@JXV,,,,,,,,
ATTACK,835.28011111,856.60464445,,,,Jaguares XV,21,20220520-SLAR-P31-SEL@JXV,,,,,,,,
ATTACK,921.38728889,943.88518111,,,,Jaguares XV,21,20220520-SLAR-P31-SEL@JXV,,,,,,,,
ATTACK,972.54446667,974.66430001,,,,Jaguares XV,21,20220520-SLAR-P31-SEL@JXV,,,,,,,,
ATTACK,1238.503,1242.04282223,,,,Jaguares XV,21,20220520-SLAR-P31-SEL@JXV,,,,,,,,
ATTACK,1243.84538889,1267.15026094,,,,Jaguares XV,21,20220520-SLAR-P31-SEL@JXV,,,,,,,,
ATTACK,1332.66022222,1338.59575557,,,,Jaguares XV,21,20220520-SLAR-P31-SEL@JXV,,,,,,,,
ATTACK,1348.63651111,1362.70979274,,,,Jaguares XV,21,20220520-SLAR-P31-SEL@JXV,,,,,,,,
ATTACK,1464.85377778,1488.29250013,,,,Jaguares XV,21,20220520-SLAR-P31-SEL@JXV,,,,,,,,
ATTACK,1585.51972222,1588.49111814,,,,Jaguares XV,21,20220520-SLAR-P31-SEL@JXV,,,,,,,,
ATTACK,1642.49217778,1652.95554445,,,,Jaguares XV,21,20220520-SLAR-P31-SEL@JXV,,,,,,,,
ATTACK,1773.63166667,1778.41057748,,,,Jaguares XV,21,20220520-SLAR-P31-SEL@JXV,,,,,,,,
ATTACK,1824.26666667,1871.77337778,,,,Jaguares XV,21,20220520-SLAR-P31-SEL@JXV,,,,,,,,
ATTACK,2035.01833333,2041.31137779,,,,Jaguares XV,21,20220520-SLAR-P31-SEL@JXV,,,,,,,,
ATTACK,2139.0155723,2141.05422223,,,,Jaguares XV,21,20220520-SLAR-P31-SEL@JXV,,,,,,,,
ATTACK,2320.76916667,2379.01018889,,,,Jaguares XV,21,20220520-SLAR-P31-SEL@JXV,,,,,,,,
ATTACK,2491.36020221,2498.44122159,,,,Jaguares XV,21,20220520-SLAR-P31-SEL@JXV,,,,,,,,
ATTACK,2669.63,2686.01535556,,,,Jaguares XV,21,20220520-SLAR-P31-SEL@JXV,,,,,,,,
ATTACK,3553.55155096,3556.71957418,,,,Jaguares XV,21,20220520-SLAR-P31-SEL@JXV,,,,,,,,
ATTACK,3570.53747184,3577.98532227,,,,Jaguares XV,21,20220520-SLAR-P31-SEL@JXV,,,,,,,,
ATTACK,3708.17746667,3732.60506825,,,,Jaguares XV,21,20220520-SLAR-P31-SEL@JXV,,,,,,,,
ATTACK,3732.8852,3738.26753334,,,,Jaguares XV,21,20220520-SLAR-P31-SEL@JXV,,,,,,,,
ATTACK,3784.43666667,3797.78715557,,,,Jaguares XV,21,20220520-SLAR-P31-SEL@JXV,,,,,,,,
ATTACK,4046.56166667,4079.74942223,,,,Jaguares XV,21,20220520-SLAR-P31-SEL@JXV,,,,,,,,
ATTACK,4087.95037778,4100.68446668,,,,Jaguares XV,21,20220520-SLAR-P31-SEL@JXV,,,,,,,,
ATTACK,4107.43173333,4110.16261112,,,,Jaguares XV,21,20220520-SLAR-P31-SEL@JXV,,,,,,,,
ATTACK,4395.0228,4398.79789359,,,,Jaguares XV,21,20220520-SLAR-P31-SEL@JXV,,,,,,,,
ATTACK,4533.455036,4536.98848333,,,,Jaguares XV,21,20220520-SLAR-P31-SEL@JXV,,,,,,,,
ATTACK,4563.45148889,4595.6364,,,,Jaguares XV,21,20220520-SLAR-P31-SEL@JXV,,,,,,,,
ATTACK,4648.39,4683.84873334,,,,Jaguares XV,21,20220520-SLAR-P31-SEL@JXV,,,,,,,,
ATTACK,4686.32467778,4688.92953116,,,,Jaguares XV,21,20220520-SLAR-P31-SEL@JXV,,,,,,,,
ATTACK,4807.80451732,4857.67621112,,,,Jaguares XV,21,20220520-SLAR-P31-SEL@JXV,,,,,,,,
ATTACK,4863.19046667,4865.62460854,,,,Jaguares XV,21,20220520-SLAR-P31-SEL@JXV,,,,,,,,
ATTACK,5029.95333333,5041.37436668,,,,Jaguares XV,21,20220520-SLAR-P31-SEL@JXV,,,,,,,,
ATTACK,5052.1711089,5059.57037671,,,,Jaguares XV,21,20220520-SLAR-P31-SEL@JXV,,,,,,,,
ATTACK,5096.24742222,5102.8778889,,,,Jaguares XV,21,20220520-SLAR-P31-SEL@JXV,,,,,,,,
ATTACK,5106.05394444,5115.08402864,,,,Jaguares XV,21,20220520-SLAR-P31-SEL@JXV,,,,,,,,
ATTACK,5431.87795636,5438.77623935,,,,Jaguares XV,21,20220520-SLAR-P31-SEL@JXV,,,,,,,,
ATTACK,5446.03612222,5487.05511596,,,,Jaguares XV,21,20220520-SLAR-P31-SEL@JXV,,,,,,,,
ATTACK,5573.3375,5603.30377888,,,,Jaguares XV,21,20220520-SLAR-P31-SEL@JXV,,,,,,,,
ATTACK,5612.24479853,5652.70288107,,,,Jaguares XV,21,20220520-SLAR-P31-SEL@JXV,,,,,,,,
ATTACK,5698.05604444,5728.60258056,,,,Jaguares XV,21,20220520-SLAR-P31-SEL@JXV,,,,,,,,
ATTACK,5945.21643999,5948.65411223,,,,Jaguares XV,21,20220520-SLAR-P31-SEL@JXV,,,,,,,,
ATTACK,5955.43,6094.76532315,,,,Jaguares XV,21,20220520-SLAR-P31-SEL@JXV,,,,,,,,
ATTACK,6182.61633333,6255.08183709,,,,Jaguares XV,21,20220520-SLAR-P31-SEL@JXV,,,,,,,,
ATTACK,6294.11678889,6301.02733115,,,,Jaguares XV,21,20220520-SLAR-P31-SEL@JXV,,,,,,,,
ATTACK,155.28140575,159.22839776,,,,Selknam,23,20220520-SLAR-P31-SEL@JXV,,,,,,,,
ATTACK,165.25388889,169.88082317,,,,Selknam,23,20220520-SLAR-P31-SEL@JXV,,,,,,,,
ATTACK,268.91666667,272.9489703,,,,Selknam,23,20220520-SLAR-P31-SEL@JXV,,,,,,,,
ATTACK,620.57666667,623.73269234,,,,Selknam,23,20220520-SLAR-P31-SEL@JXV,,,,,,,,
ATTACK,681.98333333,703.22692215,,,,Selknam,23,20220520-SLAR-P31-SEL@JXV,,,,,,,,
ATTACK,829.18124444,835.28011114,,,,Selknam,23,20220520-SLAR-P31-SEL@JXV,,,,,,,,
ATTACK,856.60464444,864.35271332,,,,Selknam,23,20220520-SLAR-P31-SEL@JXV,,,,,,,,
ATTACK,897.79166667,921.38728892,,,,Selknam,23,20220520-SLAR-P31-SEL@JXV,,,,,,,,
ATTACK,971.015,972.5444667,,,,Selknam,23,20220520-SLAR-P31-SEL@JXV,,,,,,,,
ATTACK,974.6643,984.52227324,,,,Selknam,23,20220520-SLAR-P31-SEL@JXV,,,,,,,,
ATTACK,1097.84833333,1104.81790327,,,,Selknam,23,20220520-SLAR-P31-SEL@JXV,,,,,,,,
ATTACK,1242.04282222,1243.84538892,,,,Selknam,23,20220520-SLAR-P31-SEL@JXV,,,,,,,,
ATTACK,1338.59575556,1348.63651114,,,,Selknam,23,20220520-SLAR-P31-SEL@JXV,,,,,,,,
ATTACK,1404.74166667,1436.34965085,,,,Selknam,23,20220520-SLAR-P31-SEL@JXV,,,,,,,,
ATTACK,1580.99217808,1585.51972225,,,,Selknam,23,20220520-SLAR-P31-SEL@JXV,,,,,,,,
ATTACK,1631.30338889,1642.4921778,,,,Selknam,23,20220520-SLAR-P31-SEL@JXV,,,,,,,,
ATTACK,1652.95554444,1662.98611331,,,,Selknam,23,20220520-SLAR-P31-SEL@JXV,,,,,,,,
ATTACK,1987.03569641,1992.35362246,,,,Selknam,23,20220520-SLAR-P31-SEL@JXV,,,,,,,,
ATTACK,2041.31137778,2052.27392604,,,,Selknam,23,20220520-SLAR-P31-SEL@JXV,,,,,,,,
ATTACK,2113.26948597,2139.12087777,,,,Selknam,23,20220520-SLAR-P31-SEL@JXV,,,,,,,,
ATTACK,2141.05422222,2143.58920486,,,,Selknam,23,20220520-SLAR-P31-SEL@JXV,,,,,,,,
ATTACK,2240.89833333,2243.5709111,,,,Selknam,23,20220520-SLAR-P31-SEL@JXV,,,,,,,,
ATTACK,2488.01079871,2491.36020224,,,,Selknam,23,20220520-SLAR-P31-SEL@JXV,,,,,,,,
ATTACK,2780.595,2785.11973839,,,,Selknam,23,20220520-SLAR-P31-SEL@JXV,,,,,,,,
ATTACK,2863.13068889,2877.6981792,,,,Selknam,23,20220520-SLAR-P31-SEL@JXV,,,,,,,,
ATTACK,3556.71957417,3570.53747187,,,,Selknam,23,20220520-SLAR-P31-SEL@JXV,,,,,,,,
ATTACK,3577.98532222,3601.0145746,,,,Selknam,23,20220520-SLAR-P31-SEL@JXV,,,,,,,,
ATTACK,3680.71772222,3687.98296891,,,,Selknam,23,20220520-SLAR-P31-SEL@JXV,,,,,,,,
ATTACK,3738.26753333,3752.98333337,,,,Selknam,23,20220520-SLAR-P31-SEL@JXV,,,,,,,,
ATTACK,3797.78715556,3806.66683884,,,,Selknam,23,20220520-SLAR-P31-SEL@JXV,,,,,,,,
ATTACK,3886.95166667,3892.37745764,,,,Selknam,23,20220520-SLAR-P31-SEL@JXV,,,,,,,,
ATTACK,3980.28065918,3983.94754083,,,,Selknam,23,20220520-SLAR-P31-SEL@JXV,,,,,,,,
ATTACK,4079.74942222,4087.9503778,,,,Selknam,23,20220520-SLAR-P31-SEL@JXV,,,,,,,,
ATTACK,4100.68446667,4107.43173335,,,,Selknam,23,20220520-SLAR-P31-SEL@JXV,,,,,,,,
ATTACK,4110.16261111,4142.58360778,,,,Selknam,23,20220520-SLAR-P31-SEL@JXV,,,,,,,,
ATTACK,4207.66333333,4240.53271339,,,,Selknam,23,20220520-SLAR-P31-SEL@JXV,,,,,,,,
ATTACK,4536.98848332,4541.85478391,,,,Selknam,23,20220520-SLAR-P31-SEL@JXV,,,,,,,,
ATTACK,4683.84873333,4686.32467781,,,,Selknam,23,20220520-SLAR-P31-SEL@JXV,,,,,,,,
ATTACK,4763.99915925,4767.06806603,,,,Selknam,23,20220520-SLAR-P31-SEL@JXV,,,,,,,,
ATTACK,4857.67621111,4863.19046669,,,,Selknam,23,20220520-SLAR-P31-SEL@JXV,,,,,,,,
ATTACK,4943.19463472,4978.78796878,,,,Selknam,23,20220520-SLAR-P31-SEL@JXV,,,,,,,,
ATTACK,5041.37436667,5052.17110892,,,,Selknam,23,20220520-SLAR-P31-SEL@JXV,,,,,,,,
ATTACK,5059.5703767,5067.01504444,,,,Selknam,23,20220520-SLAR-P31-SEL@JXV,,,,,,,,
ATTACK,5102.87788889,5106.05394447,,,,Selknam,23,20220520-SLAR-P31-SEL@JXV,,,,,,,,
ATTACK,5259.36888963,5262.75377035,,,,Selknam,23,20220520-SLAR-P31-SEL@JXV,,,,,,,,
ATTACK,5438.77623934,5446.03612224,,,,Selknam,23,20220520-SLAR-P31-SEL@JXV,,,,,,,,
ATTACK,5563.36104802,5573.33750003,,,,Selknam,23,20220520-SLAR-P31-SEL@JXV,,,,,,,,
ATTACK,5603.30377887,5612.24479856,,,,Selknam,23,20220520-SLAR-P31-SEL@JXV,,,,,,,,
ATTACK,5693.58833333,5698.16486453,,,,Selknam,23,20220520-SLAR-P31-SEL@JXV,,,,,,,,
ATTACK,5795.2965,5830.30116965,,,,Selknam,23,20220520-SLAR-P31-SEL@JXV,,,,,,,,
ATTACK,5948.65411222,5955.43387,,,,Selknam,23,20220520-SLAR-P31-SEL@JXV,,,,,,,,
SEQ,155.28140575,169.88082317,,,,Selknam,23,20220520-SLAR-P31-SEL@JXV,,,,,,,,
SEQ,268.91666667,272.9489703,,,,Selknam,23,20220520-SLAR-P31-SEL@JXV,,,,,,,,
SEQ,316.0423,391.33349779,,,,Jaguares XV,21,20220520-SLAR-P31-SEL@JXV,,,,,,,,
SEQ,499.23333333,515.53265859,,,,Jaguares XV,21,20220520-SLAR-P31-SEL@JXV,,,,,,,,
SEQ,620.57666667,623.73269234,,,,Selknam,23,20220520-SLAR-P31-SEL@JXV,,,,,,,,
SEQ,681.98333333,703.22692215,,,,Selknam,23,20220520-SLAR-P31-SEL@JXV,,,,,,,,
SEQ,825.36267778,864.35271332,,,,Jaguares XV,21,20220520-SLAR-P31-SEL@JXV,,,,,,,,
SEQ,897.79166667,943.88518111,,,,Selknam,23,20220520-SLAR-P31-SEL@JXV,,,,,,,,
SEQ,971.015,984.52227324,,,,Selknam,23,20220520-SLAR-P31-SEL@JXV,,,,,,,,
SEQ,1097.84833333,1104.81790327,,,,Selknam,23,20220520-SLAR-P31-SEL@JXV,,,,,,,,
SEQ,1238.503,1267.15026094,,,,Jaguares XV,21,20220520-SLAR-P31-SEL@JXV,,,,,,,,
SEQ,1332.66022222,1362.70979274,,,,Jaguares XV,21,20220520-SLAR-P31-SEL@JXV,,,,,,,,
SEQ,1404.74166667,1436.34965085,,,,Selknam,23,20220520-SLAR-P31-SEL@JXV,,,,,,,,
SEQ,1464.85377778,1488.29250013,,,,Jaguares XV,21,20220520-SLAR-P31-SEL@JXV,,,,,,,,
SEQ,1580.99217808,1588.49111814,,,,Selknam,23,20220520-SLAR-P31-SEL@JXV,,,,,,,,
SEQ,1631.30338889,1662.98611331,,,,Selknam,23,20220520-SLAR-P31-SEL@JXV,,,,,,,,
SEQ,1773.63166667,1778.41057748,,,,Jaguares XV,21,20220520-SLAR-P31-SEL@JXV,,,,,,,,
SEQ,1824.26666667,1871.77337778,,,,Jaguares XV,21,20220520-SLAR-P31-SEL@JXV,,,,,,,,
SEQ,1987.03569641,1992.35362246,,,,Selknam,23,20220520-SLAR-P31-SEL@JXV,,,,,,,,
SEQ,2035.01833333,2052.27392604,,,,Jaguares XV,21,20220520-SLAR-P31-SEL@JXV,,,,,,,,
SEQ,2113.26948597,2143.58920486,,,,Selknam,23,20220520-SLAR-P31-SEL@JXV,,,,,,,,
SEQ,2240.89833333,2243.5709111,,,,Selknam,23,20220520-SLAR-P31-SEL@JXV,,,,,,,,
SEQ,2320.76916667,2379.01018889,,,,Jaguares XV,21,20220520-SLAR-P31-SEL@JXV,,,,,,,,
SEQ,2488.01079871,2498.44122159,,,,Selknam,23,20220520-SLAR-P31-SEL@JXV,,,,,,,,
SEQ,2669.63,2686.01535556,,,,Jaguares XV,21,20220520-SLAR-P31-SEL@JXV,,,,,,,,
SEQ,2780.595,2785.11973839,,,,Selknam,23,20220520-SLAR-P31-SEL@JXV,,,,,,,,
SEQ,2863.13068889,2877.6981792,,,,Selknam,23,20220520-SLAR-P31-SEL@JXV,,,,,,,,
SEQ,3553.55155096,3601.0145746,,,,Jaguares XV,21,20220520-SLAR-P31-SEL@JXV,,,,,,,,
SEQ,3680.71772222,3687.98296891,,,,Selknam,23,20220520-SLAR-P31-SEL@JXV,,,,,,,,
SEQ,3708.17746667,3732.60506825,,,,Jaguares XV,21,20220520-SLAR-P31-SEL@JXV,,,,,,,,
SEQ,3732.8852,3752.98333337,,,,Jaguares XV,21,20220520-SLAR-P31-SEL@JXV,,,,,,,,
SEQ,3784.43666667,3806.66683884,,,,Jaguares XV,21,20220520-SLAR-P31-SEL@JXV,,,,,,,,
SEQ,3886.95166667,3892.37745764,,,,Selknam,23,20220520-SLAR-P31-SEL@JXV,,,,,,,,
SEQ,3980.28065918,3983.94754083,,,,Selknam,23,20220520-SLAR-P31-SEL@JXV,,,,,,,,
SEQ,4046.56166667,4142.58360778,,,,Jaguares XV,21,20220520-SLAR-P31-SEL@JXV,,,,,,,,
SEQ,4207.66333333,4240.53271339,,,,Selknam,23,20220520-SLAR-P31-SEL@JXV,,,,,,,,
SEQ,4395.0228,4398.79789359,,,,Jaguares XV,21,20220520-SLAR-P31-SEL@JXV,,,,,,,,
SEQ,4533.455036,4541.85478391,,,,Jaguares XV,21,20220520-SLAR-P31-SEL@JXV,,,,,,,,
SEQ,4563.45148889,4595.6364,,,,Jaguares XV,21,20220520-SLAR-P31-SEL@JXV,,,,,,,,
SEQ,4648.39,4688.92953116,,,,Jaguares XV,21,20220520-SLAR-P31-SEL@JXV,,,,,,,,
SEQ,4763.99915925,4767.06806603,,,,Selknam,23,20220520-SLAR-P31-SEL@JXV,,,,,,,,
SEQ,4807.80451732,4865.62460854,,,,Jaguares XV,21,20220520-SLAR-P31-SEL@JXV,,,,,,,,
SEQ,4943.19463472,4978.78796878,,,,Selknam,23,20220520-SLAR-P31-SEL@JXV,,,,,,,,
SEQ,5029.95333333,5067.01504444,,,,Jaguares XV,21,20220520-SLAR-P31-SEL@JXV,,,,,,,,
SEQ,5096.24742222,5115.08402864,,,,Jaguares XV,21,20220520-SLAR-P31-SEL@JXV,,,,,,,,
SEQ,5259.36888963,5262.75377035,,,,Selknam,23,20220520-SLAR-P31-SEL@JXV,,,,,,,,
SEQ,5431.87795636,5487.05511596,,,,Jaguares XV,21,20220520-SLAR-P31-SEL@JXV,,,,,,,,
SEQ,5563.36104802,5652.70288107,,,,Selknam,23,20220520-SLAR-P31-SEL@JXV,,,,,,,,
SEQ,5693.58833333,5728.60258056,,,,Selknam,23,20220520-SLAR-P31-SEL@JXV,,,,,,,,
SEQ,5795.2965,5830.30116965,,,,Selknam,23,20220520-SLAR-P31-SEL@JXV,,,,,,,,
SEQ,5945.21643999,6094.76532315,,,,Jaguares XV,21,20220520-SLAR-P31-SEL@JXV,,,,,,,,
SEQ,6182.61633333,6255.08183709,,,,Jaguares XV,21,20220520-SLAR-P31-SEL@JXV,,,,,,,,
SEQ,6294.11678889,6301.02733115,,,,Jaguares XV,21,20220520-SLAR-P31-SEL@JXV,,,,,,,,
