row Name,Clip Start,Clip End,Accion,Accion: Time,Trifulca,Trifulca: Time,Laburo Interno,Laburo Interno: Time,Tackle,Tackle: Time,Laburo de pie,Laburo de pie: Time,Laburo de piso,Laburo de piso: Time,Pase,Pase: Time,Recuperada,Recuperada: Time,Aire,Aire: Time,Piso,Piso: Time,Penal,Penal: Time,Pelota Perdida,Pelota Perdida: Time,Pie,Pie: Time
Santiago Carreras,98.561,109.612,Kick,106.561,,,,,,,,,,,,,,,,,,,,,,,Bueno,107.327
Juan Martin Gonzalez,104.286,115.317,Tackle,112.286,,,,,+,113.085,,,,,,,,,,,,,,,,,,
Tomas Cubelli,111.766,122.785,Tackle,119.766,,,,,+,120.904,,,,,,,,,,,,,,,,,,
Francisco Gomez Kodela,114.504,125.551,Tackle,122.504,,,,,+,123.167,,,,,,,,,,,,,,,,,,
Tomas Lavanini,125.329,136.378,Pelota Recuperada,133.329,,,,,,,,,,,,,Otro,134.974,,,,,,,,,,
Matias Alemanno,128.524,139.549,Tackle,136.524,,,,,-,137.356,,,,,,,,,,,,,,,,,,
Marcos Kremer,130.073,135.643,Tackle,138.073,,,,,+++,138.959,,,,,,,,,,,,,,,,,,
Marcos Kremer,135.743,141.317,Pelota Recuperada,138.287,,,,,,,,,,,,,Otro,140.053,,,,,,,,,,
Pablo Matera,227.187,235.943,Duelo,235.187,,,,,,,+,235.989,-,236.056,,,,,,,,,,,,,,
Pablo Matera,236.043,242.951,Pelota Perdida,239.934,,,,,,,,,,,,,,,,,,,,,Knock on,241.763,,
Matias Alemanno,331.289,342.320,AEREO-PISO,339.289,,,,,,,,,,,,,,,+,340.026,,,,,,,,
Santiago Carreras,396.090,407.145,Kick,404.090,,,,,,,,,,,,,,,,,,,,,,,Bueno,404.954
Juan Martin Gonzalez,420.575,431.606,AEREO-PISO,428.575,,,,,,,,,,,,,,,+,429.130,,,,,,,,
Pablo Matera,421.668,432.685,Pase,429.668,,,,,,,,,,,Bueno,430.436,,,,,,,,,,,,
Julian Montoya,424.033,435.071,Pase,432.033,,,,,,,,,,,Bueno,432.733,,,,,,,,,,,,
Emiliano Boffelli,425.098,436.116,Duelo,433.098,,,,,,,+++,433.876,+,434.662,,,,,,,,,,,,,,
Francisco Gomez Kodela,426.484,437.521,Trifulca,434.484,+,435.107,,,,,,,,,,,,,,,,,,,,,,
Jeronimo De La Fuente,427.452,438.489,Trifulca,435.452,+,436.286,,,,,,,,,,,,,,,,,,,,,,
Tomas Cubelli,429.108,438.029,Pase,437.108,,,,,,,,,,,Bueno,439.127,,,,,,,,,,,,
Matias Orlando,432.299,443.318,Duelo,440.299,,,,,,,+,441.568,+,442.318,,,,,,,,,,,,,,
Nahuel Tetaz Chaparro,432.606,443.641,Trifulca,440.606,+,441.252,,,,,,,,,,,,,,,,,,,,,,
Julian Montoya,435.353,446.378,Trifulca,443.353,+,443.886,,,,,,,,,,,,,,,,,,,,,,
Tomas Cubelli,438.129,444.701,Pase,444.223,,,,,,,,,,,Bueno,445.089,,,,,,,,,,,,
Juan Martin Gonzalez,439.161,450.190,Trifulca,447.161,+,448.226,,,,,,,,,,,,,,,,,,,,,,
Tomas Lavanini,439.831,450.860,Duelo,447.831,,,,,,,+,448.662,+,449.860,,,,,,,,,,,,,,
Marcos Kremer,440.926,451.988,Trifulca,448.926,+,449.722,,,,,,,,,,,,,,,,,,,,,,
Pablo Matera,443.671,450.635,Duelo,451.671,,,,,,,+++,452.594,+,453.500,,,,,,,,,,,,,,
Santiago Carreras,443.832,454.896,Pase,451.832,,,,,,,,,,,Bueno,452.626,,,,,,,,,,,,
Tomas Cubelli,444.801,452.895,Pase,449.859,,,,,,,,,,,Bueno,450.562,,,,,,,,,,,,
Pablo Matera,450.735,457.722,TRY,454.674,,,,,,,,,,,,,,,,,,,,,,,,
Santiago Cordero,522.434,529.342,AEREO-PISO,530.434,,,,,,,,,,,,,,,+,531.153,,,,,,,,
Juan Martin Gonzalez,526.857,537.891,Trifulca,534.857,+,535.557,,,,,,,,,,,,,,,,,,,,,,
Jeronimo De La Fuente,528.653,539.709,Trifulca,536.653,+,537.504,,,,,,,,,,,,,,,,,,,,,,
Santiago Cordero,529.442,536.316,Pase,533.285,,,,,,,,,,,Bueno,534.021,,,,,,,,,,,,
Pablo Matera,529.443,540.494,Duelo,537.443,,,,,,,+,538.196,+,538.851,,,,,,,,,,,,,,
Tomas Cubelli,533.434,544.489,Pase,541.434,,,,,,,,,,,Bueno,542.300,,,,,,,,,,,,
Santiago Carreras,536.233,547.253,Kick,544.233,,,,,,,,,,,,,,,,,,,,,,,Bueno,545.036
Santiago Carreras,557.260,568.288,Penales,565.260,,,,,,,,,,,,,,,,,,,Offside,566.947,,,,
Pablo Matera,558.584,569.623,Tackle,566.584,,,,,+,567.252,,,,,,,,,,,,,,,,,,
Jeronimo De La Fuente,563.462,574.510,Tackle,571.462,,,,,+,572.161,,,,,,,,,,,,,,,,,,
Julian Montoya,566.632,577.679,Tackle,574.632,,,,,+,575.045,,,,,,,,,,,,,,,,,,
Nahuel Tetaz Chaparro,566.906,577.954,Laburo Interno,574.906,,,+,575.723,,,,,,,,,,,,,,,,,,,,
Santiago Carreras,665.632,676.661,Kick,673.632,,,,,,,,,,,,,,,,,,,,,,,Bueno,674.952
Juan Martin Gonzalez,671.391,682.445,Pelota Recuperada,679.391,,,,,,,,,,,,,Otro,681.445,,,,,,,,,,
Tomas Cubelli,675.965,687.015,Pase,683.965,,,,,,,,,,,Bueno,684.620,,,,,,,,,,,,
Julian Montoya,679.088,690.122,Trifulca,687.088,+,688.988,,,,,,,,,,,,,,,,,,,,,,
Francisco Gomez Kodela,680.726,691.759,Duelo,688.726,,,,,,,+,689.493,+,690.277,,,,,,,,,,,,,,
Tomas Lavanini,681.309,692.372,Trifulca,689.309,-,690.049,,,,,,,,,,,,,,,,,,,,,,
Santiago Cordero,825.290,836.319,AEREO-PISO,833.290,,,,,,,,,,,,,,,+,833.961,,,,,,,,
Tomas Lavanini,829.159,840.193,Trifulca,837.159,+,837.959,,,,,,,,,,,,,,,,,,,,,,
Jeronimo De La Fuente,830.588,841.616,Trifulca,838.588,-,839.221,,,,,,,,,,,,,,,,,,,,,,
Tomas Cubelli,831.629,840.196,Pase,839.629,,,,,,,,,,,Bueno,839.866,,,,,,,,,,,,
Marcos Kremer,834.589,845.625,Duelo,842.589,,,,,,,+,843.424,+,844.304,,,,,,,,,,,,,,
Matias Alemanno,835.799,846.851,Trifulca,843.799,+,844.728,,,,,,,,,,,,,,,,,,,,,,
Tomas Cubelli,840.296,847.314,Pase,845.930,,,,,,,,,,,Bueno,846.658,,,,,,,,,,,,
Francisco Gomez Kodela,840.528,851.605,Duelo,848.528,,,,,,,+,849.531,+,850.448,,,,,,,,,,,,,,
Tomas Lavanini,842.686,853.705,Trifulca,850.686,+,851.354,,,,,,,,,,,,,,,,,,,,,,
Tomas Cubelli,847.414,856.409,Pase,853.383,,,,,,,,,,,Bueno,853.733,,,,,,,,,,,,
Santiago Carreras,847.660,858.697,Kick,855.660,,,,,,,,,,,,,,,,,,,,,,,Bueno,856.027
Matias Orlando,851.687,862.738,Tackle,859.687,,,,,+,860.486,,,,,,,,,,,,,,,,,,
Santiago Carreras,860.425,871.454,Kick,868.425,,,,,,,,,,,,,,,,,,,,,,,Bueno,869.160
Julian Montoya,888.420,899.457,Tackle,896.420,,,,,+,897.088,,,,,,,,,,,,,,,,,,
Marcos Kremer,889.394,898.886,Laburo Interno,897.394,,,+,899.007,,,,,,,,,,,,,,,,,,,,
Marcos Kremer,898.986,908.490,Pelota Recuperada,905.458,,,,,,,,,,,,,Pescada,906.578,,,,,,,,,,
Juan Martin Gonzalez,944.029,949.865,AEREO-PISO,952.029,,,,,,,,,,,,,,,+,952.829,,,,,,,,
Julian Montoya,945.790,954.249,Pase,953.790,,,,,,,,,,,Bueno,954.485,,,,,,,,,,,,
Tomas Cubelli,947.749,956.948,Pase,955.749,,,,,,,,,,,Bueno,956.697,,,,,,,,,,,,
Juan Martin Gonzalez,949.965,955.631,Pase,952.763,,,,,,,,,,,Bueno,953.079,,,,,,,,,,,,
Matias Orlando,951.201,962.254,Duelo,959.201,,,,,,,+,960.078,+,960.989,,,,,,,,,,,,,,
Jeronimo De La Fuente,951.893,962.933,Trifulca,959.893,+,960.612,,,,,,,,,,,,,,,,,,,,,,
Julian Montoya,954.349,964.474,Trifulca,959.742,+,960.018,,,,,,,,,,,,,,,,,,,,,,
Juan Martin Gonzalez,955.731,966.457,Trifulca,963.422,+,964.155,,,,,,,,,,,,,,,,,,,,,,
Tomas Cubelli,957.048,966.264,Duelo,963.211,,,,,,,+++,963.913,+,964.627,,,,,,,,,,,,,,
Francisco Gomez Kodela,957.723,968.772,Pase,965.723,,,,,,,,,,,Bueno,966.424,,,,,,,,,,,,
Tomas Lavanini,1047.167,1058.184,AEREO-PISO,1055.167,,,,,,,,,,,,,,,+,1055.936,,,,,,,,
Juan Martin Gonzalez,1061.617,1072.641,Penales,1069.617,,,,,,,,,,,,,,,,,,,Ruck,1071.641,,,,
Santiago Carreras,1121.430,1132.460,Tackle,1129.430,,,,,-,1130.229,,,,,,,,,,,,,,,,,,
Matias Orlando,1121.826,1132.851,Tackle,1129.826,,,,,-,1130.660,,,,,,,,,,,,,,,,,,
Santiago Carreras,1234.164,1245.193,Kick,1242.164,,,,,,,,,,,,,,,,,,,,,,,Bueno,1242.904
Juan Martin Gonzalez,1241.068,1250.332,Tackle,1249.068,,,,,+++,1249.931,,,,,,,,,,,,,,,,,,
Tomas Lavanini,1244.478,1255.532,Laburo Interno,1252.478,,,+,1253.434,,,,,,,,,,,,,,,,,,,,
Juan Martin Gonzalez,1250.432,1259.695,Tackle,1256.651,,,,,+,1257.293,,,,,,,,,,,,,,,,,,
Tomas Cubelli,1250.493,1261.547,Tackle,1258.493,,,,,+,1259.228,,,,,,,,,,,,,,,,,,
Juan Martin Gonzalez,1307.243,1318.327,AEREO-PISO,1315.243,,,,,,,,,,,,,,,+,1315.930,,,,,,,,
Tomas Cubelli,1308.261,1319.289,Pase,1316.261,,,,,,,,,,,Bueno,1316.961,,,,,,,,,,,,
Santiago Carreras,1310.907,1321.929,Pase,1318.907,,,,,,,,,,,Bueno,1319.625,,,,,,,,,,,,
Marcos Kremer,1312.232,1323.248,Duelo,1320.232,,,,,,,+,1321.127,+,1322.248,,,,,,,,,,,,,,
Francisco Gomez Kodela,1315.223,1326.263,Trifulca,1323.223,+,1323.894,,,,,,,,,,,,,,,,,,,,,,
Jeronimo De La Fuente,1315.664,1326.697,Trifulca,1323.664,-,1324.664,,,,,,,,,,,,,,,,,,,,,,
Santiago Cordero,1414.784,1425.817,AEREO-PISO,1422.784,,,,,,,,,,,,,,,+,1423.636,,,,,,,,
Julian Montoya,1415.930,1426.982,Trifulca,1423.930,+,1424.967,,,,,,,,,,,,,,,,,,,,,,
Jeronimo De La Fuente,1419.359,1430.406,Trifulca,1427.359,+,1428.458,,,,,,,,,,,,,,,,,,,,,,
Tomas Cubelli,1420.873,1429.405,Pase,1428.873,,,,,,,,,,,Bueno,1429.596,,,,,,,,,,,,
Juan Martin Gonzalez,1423.325,1434.365,Trifulca,1431.325,+,1432.006,,,,,,,,,,,,,,,,,,,,,,
Marcos Kremer,1423.359,1434.389,Duelo,1431.359,,,,,,,+,1432.162,+,1432.992,,,,,,,,,,,,,,
Matias Alemanno,1426.278,1437.326,Trifulca,1434.278,+,1434.658,,,,,,,,,,,,,,,,,,,,,,
Tomas Cubelli,1429.505,1436.219,Pase,1435.116,,,,,,,,,,,Bueno,1435.498,,,,,,,,,,,,
Julian Montoya,1431.529,1442.544,Trifulca,1439.529,+,1440.038,,,,,,,,,,,,,,,,,,,,,,
Tomas Lavanini,1431.657,1442.672,Duelo,1439.657,,,,,,,+,1440.488,+,1441.286,,,,,,,,,,,,,,
Nahuel Tetaz Chaparro,1432.727,1443.744,Trifulca,1440.727,+,1441.462,,,,,,,,,,,,,,,,,,,,,,
Tomas Cubelli,1436.319,1444.978,Pase,1441.961,,,,,,,,,,,Bueno,1442.192,,,,,,,,,,,,
Santiago Carreras,1436.894,1447.925,Kick,1444.894,,,,,,,,,,,,,,,,,,,,,,,Bueno,1446.092
Santiago Carreras,1498.327,1509.350,Kick,1506.327,,,,,,,,,,,,,,,,,,,,,,,Bueno,1507.027
Julian Montoya,1506.430,1517.461,Tackle,1514.430,,,,,+,1515.129,,,,,,,,,,,,,,,,,,
Tomas Cubelli,1508.964,1520.019,Laburo Interno,1516.964,,,+,1517.766,,,,,,,,,,,,,,,,,,,,
Pablo Matera,1512.823,1523.844,Tackle,1520.823,,,,,-,1521.621,,,,,,,,,,,,,,,,,,
Santiago Carreras,1518.059,1528.231,Tackle,1526.059,,,,,+,1526.795,,,,,,,,,,,,,,,,,,
Juan Cruz Mallia,1522.984,1534.020,Tackle,1530.984,,,,,+,1531.797,,,,,,,,,,,,,,,,,,
Santiago Carreras,1528.331,1538.496,Tackle,1535.454,,,,,+,1536.070,,,,,,,,,,,,,,,,,,
Matias Orlando,1528.718,1539.738,Laburo Interno,1536.718,,,+,1537.451,,,,,,,,,,,,,,,,,,,,
Marcos Kremer,1531.452,1542.472,Tackle,1539.452,,,,,+,1540.151,,,,,,,,,,,,,,,,,,
Tomas Lavanini,1537.567,1548.596,Tackle,1545.567,,,,,+,1546.298,,,,,,,,,,,,,,,,,,
Matias Alemanno,1540.098,1551.116,Tackle,1548.098,,,,,+,1548.845,,,,,,,,,,,,,,,,,,
Pablo Matera,1612.923,1623.969,Pase,1620.923,,,,,,,,,,,Bueno,1621.688,,,,,,,,,,,,
Juan Martin Gonzalez,1663.165,1674.182,AEREO-PISO,1671.165,,,,,,,,,,,,,,,+,1671.833,,,,,,,,
Pablo Matera,1665.729,1676.774,Pase,1673.729,,,,,,,,,,,Bueno,1674.434,,,,,,,,,,,,
Tomas Cubelli,1667.332,1676.679,Pase,1675.332,,,,,,,,,,,Bueno,1676.953,,,,,,,,,,,,
Santiago Carreras,1668.002,1678.062,Pase,1676.002,,,,,,,,,,,Bueno,1676.748,,,,,,,,,,,,
Matias Orlando,1672.224,1683.250,Trifulca,1680.224,+,1681.023,,,,,,,,,,,,,,,,,,,,,,
Jeronimo De La Fuente,1672.951,1684.008,Duelo,1680.951,,,,,,,+,1681.850,+,1682.736,,,,,,,,,,,,,,
Tomas Cubelli,1676.779,1686.096,Pase,1683.059,,,,,,,,,,,Bueno,1683.390,,,,,,,,,,,,
Santiago Cordero,1677.888,1688.920,Kick,1685.888,,,,,,,,,,,,,,,,,,,,,,,Bueno,1686.656
Santiago Carreras,1678.162,1688.222,Kick,1685.173,,,,,,,,,,,,,,,,,,,,,,,Bueno,1685.490
Juan Cruz Mallia,1703.872,1711.576,AEREO-PISO,1711.872,,,,,,,,,,,,,,,+,1712.617,,,,,,,,
Juan Cruz Mallia,1711.676,1719.380,Kick,1716.332,,,,,,,,,,,,,,,,,,,,,,,Bueno,1717.936
Tomas Cubelli,1715.863,1723.695,Tackle,1723.863,,,,,+,1724.763,,,,,,,,,,,,,,,,,,
Tomas Cubelli,1723.795,1731.611,Penales,1728.592,,,,,,,,,,,,,,,,,,,Ruck,1730.260,,,,
Marcos Kremer,1779.193,1790.263,Tackle,1787.193,,,,,+,1787.824,,,,,,,,,,,,,,,,,,
Pablo Matera,1783.634,1794.682,Tackle,1791.634,,,,,+,1793.283,,,,,,,,,,,,,,,,,,
Julian Montoya,1785.430,1796.461,Laburo Interno,1793.430,,,+,1794.166,,,,,,,,,,,,,,,,,,,,
Marcos Kremer,1792.100,1803.158,Tackle,1800.100,,,,,+,1800.758,,,,,,,,,,,,,,,,,,
Juan Martin Gonzalez,1792.865,1803.914,Tackle,1800.865,,,,,+++,1801.580,,,,,,,,,,,,,,,,,,
Nahuel Tetaz Chaparro,1798.501,1809.540,Tackle,1806.501,,,,,+,1807.802,,,,,,,,,,,,,,,,,,
Jeronimo De La Fuente,1799.616,1810.735,Tackle,1807.616,,,,,+,1808.514,,,,,,,,,,,,,,,,,,
Francisco Gomez Kodela,1805.269,1816.320,Tackle,1813.269,,,,,+,1814.018,,,,,,,,,,,,,,,,,,
Pablo Matera,1807.084,1818.165,Tackle,1815.084,,,,,+,1815.906,,,,,,,,,,,,,,,,,,
Tomas Lavanini,1811.638,1822.686,Tackle,1819.638,,,,,+,1820.464,,,,,,,,,,,,,,,,,,
Marcos Kremer,1813.005,1824.042,Laburo Interno,1821.005,,,+,1821.658,,,,,,,,,,,,,,,,,,,,
Julian Montoya,1816.891,1827.956,Tackle,1824.891,,,,,+,1825.691,,,,,,,,,,,,,,,,,,
Nahuel Tetaz Chaparro,1817.733,1828.844,Tackle,1825.733,,,,,+,1826.462,,,,,,,,,,,,,,,,,,
Tomas Cubelli,1829.125,1840.177,Kick,1837.125,,,,,,,,,,,,,,,,,,,,,,,Bueno,1839.177
Matias Alemanno,1837.791,1848.844,Tackle,1845.791,,,,,+,1846.196,,,,,,,,,,,,,,,,,,
Santiago Cordero,1839.867,1850.939,Laburo Interno,1847.867,,,+,1848.688,,,,,,,,,,,,,,,,,,,,
Marcos Kremer,1847.218,1858.271,Tackle,1855.218,,,,,+,1855.854,,,,,,,,,,,,,,,,,,
Nahuel Tetaz Chaparro,1849.319,1860.397,Tackle,1857.319,,,,,+,1857.615,,,,,,,,,,,,,,,,,,
Tomas Lavanini,1853.898,1864.967,Tackle,1861.898,,,,,+,1862.732,,,,,,,,,,,,,,,,,,
Juan Martin Gonzalez,1855.187,1862.789,Laburo Interno,1863.187,,,+,1864.022,,,,,,,,,,,,,,,,,,,,
Juan Martin Gonzalez,1862.889,1870.494,Pelota Recuperada,1867.451,,,,,,,,,,,,,Pescada,1868.897,,,,,,,,,,
Tomas Lavanini,1929.020,1940.039,Laburo Interno,1937.020,,,+,1937.954,,,,,,,,,,,,,,,,,,,,
Nahuel Tetaz Chaparro,1935.957,1946.978,Tackle,1943.957,,,,,+,1944.949,,,,,,,,,,,,,,,,,,
Matias Alemanno,1936.361,1947.380,Tackle,1944.361,,,,,+,1945.543,,,,,,,,,,,,,,,,,,
Santiago Cordero,1955.595,1962.693,AEREO-PISO,1963.595,,,,,,,,,,,,,,,-,1964.563,,,,,,,,
Santiago Cordero,1962.793,1969.883,Pelota Perdida,1966.864,,,,,,,,,,,,,,,,,,,,,Knock on,1967.762,,
Matias Orlando,2079.955,2090.980,Tackle,2087.955,,,,,+,2088.936,,,,,,,,,,,,,,,,,,
Matias Alemanno,2256.433,2267.477,AEREO-PISO,2264.433,,,,,,,,,,,,,,,+,2265.197,,,,,,,,
Pablo Matera,2258.823,2269.872,Pase,2266.823,,,,,,,,,,,Bueno,2267.559,,,,,,,,,,,,
Julian Montoya,2260.211,2271.249,Pase,2268.211,,,,,,,,,,,Bueno,2268.942,,,,,,,,,,,,
Santiago Carreras,2261.501,2272.519,Pase,2269.501,,,,,,,,,,,Bueno,2270.000,,,,,,,,,,,,
Matias Orlando,2265.085,2276.124,Trifulca,2273.085,+,2274.175,,,,,,,,,,,,,,,,,,,,,,
Jeronimo De La Fuente,2265.336,2276.387,Duelo,2273.336,,,,,,,+,2274.115,+,2274.834,,,,,,,,,,,,,,
Tomas Cubelli,2266.928,2275.033,Pase,2274.928,,,,,,,,,,,Bueno,2275.658,,,,,,,,,,,,
Marcos Kremer,2268.026,2279.090,Duelo,2276.026,,,,,,,+,2276.859,+,2277.755,,,,,,,,,,,,,,
Pablo Matera,2270.524,2281.554,Trifulca,2278.524,+,2279.292,,,,,,,,,,,,,,,,,,,,,,
Francisco Gomez Kodela,2270.981,2282.014,Trifulca,2278.981,+,2279.539,,,,,,,,,,,,,,,,,,,,,,
Julian Montoya,2275.021,2286.087,Duelo,2283.021,,,,,,,+,2283.752,+,2284.620,,,,,,,,,,,,,,
Tomas Cubelli,2275.133,2281.254,Pase,2280.353,,,,,,,,,,,Bueno,2281.065,,,,,,,,,,,,
Tomas Lavanini,2275.412,2286.090,Trifulca,2283.412,+,2284.067,,,,,,,,,,,,,,,,,,,,,,
Matias Alemanno,2275.692,2282.990,Trifulca,2283.692,+,2284.545,,,,,,,,,,,,,,,,,,,,,,
Marcos Kremer,2279.602,2289.519,Trifulca,2287.602,+,2288.464,,,,,,,,,,,,,,,,,,,,,,
Tomas Cubelli,2281.354,2289.674,Duelo,2286.627,,,,,,,+,2287.487,+,2288.207,,,,,,,,,,,,,,
Juan Cruz Mallia,2282.762,2293.817,Pase,2290.762,,,,,,,,,,,Bueno,2291.077,,,,,,,,,,,,
Matias Alemanno,2283.090,2290.391,Trifulca,2287.360,+,2288.145,,,,,,,,,,,,,,,,,,,,,,
Nahuel Tetaz Chaparro,2285.120,2296.136,Duelo,2293.120,,,,,,,+,2293.931,+,2292.527,,,,,,,,,,,,,,
Juan Martin Gonzalez,2285.216,2296.273,Trifulca,2293.216,+,2294.041,,,,,,,,,,,,,,,,,,,,,,
Tomas Lavanini,2286.190,2296.911,Trifulca,2293.842,+,2294.176,,,,,,,,,,,,,,,,,,,,,,
Marcos Kremer,2289.619,2295.777,Pase,2296.819,,,,,,,,,,,Bueno,2297.489,,,,,,,,,,,,
Santiago Carreras,2291.993,2303.020,Duelo,2299.993,,,,,,,+,2300.829,+,2301.561,,,,,,,,,,,,,,
Tomas Cubelli,2294.655,2301.560,Pase,2302.655,,,,,,,,,,,Bueno,2303.268,,,,,,,,,,,,
Matias Alemanno,2294.767,2305.849,Duelo,2302.767,,,,,,,+,2303.580,+,2304.849,,,,,,,,,,,,,,
Marcos Kremer,2295.877,2302.743,Trifulca,2299.728,+,2300.602,,,,,,,,,,,,,,,,,,,,,,
Julian Montoya,2297.157,2308.196,Trifulca,2305.157,+,2305.474,,,,,,,,,,,,,,,,,,,,,,
Pablo Matera,2299.829,2310.858,Pase,2307.829,,,,,,,,,,,Bueno,2308.477,,,,,,,,,,,,
Juan Cruz Mallia,2301.226,2312.249,Pase,2309.226,,,,,,,,,,,Bueno,2309.893,,,,,,,,,,,,
Tomas Cubelli,2301.660,2308.566,Pase,2305.533,,,,,,,,,,,Bueno,2306.401,,,,,,,,,,,,
Matias Orlando,2305.392,2316.433,Duelo,2313.392,,,,,,,+,2314.192,+,2315.433,,,,,,,,,,,,,,
Tomas Lavanini,2378.625,2389.668,AEREO-PISO,2386.625,,,,,,,,,,,,,,,+,2387.234,,,,,,,,
Matias Alemanno,2559.787,2570.818,AEREO-PISO,2567.787,,,,,,,,,,,,,,,-,2568.556,,,,,,,,
Matias Alemanno,3613.368,3624.390,AEREO-PISO,3621.368,,,,,,,,,,,,,,,+,3622.120,,,,,,,,
Pablo Matera,3670.438,3681.459,Tackle,3678.438,,,,,+,3679.191,,,,,,,,,,,,,,,,,,
Nahuel Tetaz Chaparro,3676.350,3687.376,Tackle,3684.350,,,,,+,3685.085,,,,,,,,,,,,,,,,,,
Juan Martin Gonzalez,3677.449,3684.040,Laburo Interno,3685.449,,,+,3686.105,,,,,,,,,,,,,,,,,,,,
Juan Martin Gonzalez,3684.140,3690.719,Pelota Recuperada,3687.686,,,,,,,,,,,,,Pescada,3688.987,,,,,,,,,,
Juan Martin Gonzalez,3730.408,3741.471,AEREO-PISO,3738.408,,,,,,,,,,,,,,,-,3739.080,,,,,,,,
Tomas Cubelli,3733.304,3744.388,Tackle,3741.304,,,,,-,3742.226,,,,,,,,,,,,,,,,,,
Tomas Lavanini,3737.018,3748.070,Tackle,3745.018,,,,,+,3745.697,,,,,,,,,,,,,,,,,,
Juan Cruz Mallia,3744.864,3753.099,AEREO-PISO,3752.864,,,,,,,,,,,,,,,+,3753.630,,,,,,,,
Matias Orlando,3751.090,3762.156,Trifulca,3759.090,+,3760.290,,,,,,,,,,,,,,,,,,,,,,
Santiago Cordero,3751.125,3762.143,Trifulca,3759.125,+,3759.760,,,,,,,,,,,,,,,,,,,,,,
Juan Cruz Mallia,3753.199,3761.433,Duelo,3758.400,,,,,,,+,3759.347,+,3760.100,,,,,,,,,,,,,,
Tomas Cubelli,3754.992,3766.041,Pase,3762.992,,,,,,,,,,,Bueno,3763.305,,,,,,,,,,,,
Pablo Matera,3756.538,3767.587,Pase,3764.538,,,,,,,,,,,Bueno,3765.377,,,,,,,,,,,,
Santiago Carreras,3757.991,3769.012,Pelota Perdida,3765.991,,,,,,,,,,,,,,,,,,,,,Knock on,3766.962,,
Juan Martin Gonzalez,3766.398,3777.436,Pase,3774.398,,,,,,,,,,,Bueno,3775.130,,,,,,,,,,,,
Emiliano Boffelli,3767.433,3778.459,Pase,3775.433,,,,,,,,,,,Bueno,3776.381,,,,,,,,,,,,
Juan Cruz Mallia,3771.428,3782.447,Kick,3779.428,,,,,,,,,,,,,,,,,,,,,,,Bueno,3780.335
Tomas Lavanini,3785.527,3796.540,Tackle,3793.527,,,,,+,3794.388,,,,,,,,,,,,,,,,,,
Tomas Cubelli,3789.684,3800.707,Tackle,3797.684,,,,,+,3798.552,,,,,,,,,,,,,,,,,,
Julian Montoya,3792.721,3798.376,Laburo Interno,3800.721,,,+,3801.588,,,,,,,,,,,,,,,,,,,,
Julian Montoya,3798.476,3804.134,Pelota Recuperada,3801.096,,,,,,,,,,,,,Pescada,3802.028,,,,,,,,,,
Matias Alemanno,3910.366,3921.400,AEREO-PISO,3918.366,,,,,,,,,,,,,,,+,3919.165,,,,,,,,
Marcos Kremer,3924.496,3935.518,Penales,3932.496,,,,,,,,,,,,,,,,,,,Line,3933.935,,,,
Francisco Gomez Kodela,3978.287,3989.312,Tackle,3986.287,,,,,+,3986.654,,,,,,,,,,,,,,,,,,
Tomas Cubelli,3979.195,3990.225,Tackle,3987.195,,,,,+,3987.929,,,,,,,,,,,,,,,,,,
Julian Montoya,3983.961,3994.981,Tackle,3991.961,,,,,+,3992.728,,,,,,,,,,,,,,,,,,
Pablo Matera,3986.391,3997.410,Laburo Interno,3994.391,,,+,3995.073,,,,,,,,,,,,,,,,,,,,
Marcos Kremer,3988.496,3999.544,Tackle,3996.496,,,,,+,3997.130,,,,,,,,,,,,,,,,,,
Jeronimo De La Fuente,3988.969,3999.989,Tackle,3996.969,,,,,-,3997.953,,,,,,,,,,,,,,,,,,
Santiago Carreras,3989.253,3997.692,Tackle,3997.253,,,,,-,3997.964,,,,,,,,,,,,,,,,,,
Tomas Lavanini,3990.917,4001.965,Tackle,3998.917,,,,,+,3999.752,,,,,,,,,,,,,,,,,,
Francisco Gomez Kodela,3991.996,4003.038,Tackle,3999.996,,,,,+,4000.693,,,,,,,,,,,,,,,,,,
Matias Alemanno,3996.618,4007.637,Tackle,4004.618,,,,,+,4005.431,,,,,,,,,,,,,,,,,,
Santiago Carreras,3997.792,4006.218,Tackle,4003.191,,,,,-,4004.255,,,,,,,,,,,,,,,,,,
Pablo Matera,3998.083,4009.118,Laburo Interno,4006.083,,,+,4006.764,,,,,,,,,,,,,,,,,,,,
Julian Montoya,4000.901,4011.970,Tackle,4008.901,,,,,+,4009.303,,,,,,,,,,,,,,,,,,
Tomas Lavanini,4002.954,4013.975,Tackle,4010.954,,,,,+,4011.255,,,,,,,,,,,,,,,,,,
Jeronimo De La Fuente,4005.419,4016.462,Laburo Interno,4013.419,,,+,4014.283,,,,,,,,,,,,,,,,,,,,
Pablo Matera,4012.954,4023.976,Penales,4020.954,,,,,,,,,,,,,,,,,,,Ruck,4022.587,,,,
Juan Martin Gonzalez,4015.418,4026.438,Tackle,4023.418,,,,,+,4024.023,,,,,,,,,,,,,,,,,,
Francisco Gomez Kodela,4015.925,4026.966,Tackle,4023.925,,,,,+,4024.625,,,,,,,,,,,,,,,,,,
Tomas Cubelli,4032.252,4043.299,Tackle,4040.252,,,,,-,4041.219,,,,,,,,,,,,,,,,,,
Santiago Carreras,4378.092,4389.140,Kick,4386.092,,,,,,,,,,,,,,,,,,,,,,,Bueno,4386.863
Santiago Cordero,4383.262,4394.299,Tackle,4391.262,,,,,-,4392.145,,,,,,,,,,,,,,,,,,
Juan Martin Gonzalez,4384.332,4395.364,Tackle,4392.332,,,,,+,4392.866,,,,,,,,,,,,,,,,,,
Francisco Gomez Kodela,4391.703,4402.723,Tackle,4399.703,,,,,+,4400.621,,,,,,,,,,,,,,,,,,
Juan Cruz Mallia,4408.148,4415.116,AEREO-PISO,4416.148,,,,,,,,,,,,,,,+,4417.052,,,,,,,,
Jeronimo De La Fuente,4409.088,4420.159,Trifulca,4417.088,+,4417.558,,,,,,,,,,,,,,,,,,,,,,
Santiago Cordero,4410.791,4421.883,Trifulca,4418.791,+,4419.592,,,,,,,,,,,,,,,,,,,,,,
Tomas Cubelli,4412.556,4421.906,Pase,4420.556,,,,,,,,,,,Bueno,4421.004,,,,,,,,,,,,
Julian Montoya,4412.988,4424.040,Pase,4420.988,,,,,,,,,,,Bueno,4421.211,,,,,,,,,,,,
Juan Cruz Mallia,4415.216,4421.942,Duelo,4419.150,,,,,,,+,4419.882,+,4420.715,,,,,,,,,,,,,,
Santiago Carreras,4417.253,4428.270,Duelo,4425.253,,,,,,,+,4426.084,+,4426.831,,,,,,,,,,,,,,
Marcos Kremer,4418.453,4429.473,Trifulca,4426.453,+,4427.153,,,,,,,,,,,,,,,,,,,,,,
Tomas Lavanini,4418.784,4429.802,Trifulca,4426.784,+,4427.480,,,,,,,,,,,,,,,,,,,,,,
Tomas Cubelli,4422.006,4430.233,Pase,4428.358,,,,,,,,,,,Bueno,4429.091,,,,,,,,,,,,
Juan Cruz Mallia,4422.042,4431.783,Pase,4429.696,,,,,,,,,,,Bueno,4430.032,,,,,,,,,,,,
Santiago Cordero,4424.760,4431.839,Pase,4432.760,,,,,,,,,,,Bueno,4433.098,,,,,,,,,,,,
Juan Martin Gonzalez,4426.631,4437.684,Trifulca,4434.631,+,4435.362,,,,,,,,,,,,,,,,,,,,,,
Jeronimo De La Fuente,4427.572,4438.628,Duelo,4435.572,,,,,,,+,4436.371,+,4437.230,,,,,,,,,,,,,,
Francisco Gomez Kodela,4429.917,4440.953,Pase,4437.917,,,,,,,,,,,Bueno,4438.255,,,,,,,,,,,,
Tomas Cubelli,4430.333,4438.044,Pase,4437.163,,,,,,,,,,,Bueno,4437.530,,,,,,,,,,,,
Juan Cruz Mallia,4431.883,4441.947,Pase,4438.929,,,,,,,,,,,Bueno,4439.210,,,,,,,,,,,,
Santiago Cordero,4431.939,4439.005,Trifulca,4435.988,+,4436.789,,,,,,,,,,,,,,,,,,,,,,
Tomas Lavanini,4434.323,4445.340,Trifulca,4442.323,+,4443.093,,,,,,,,,,,,,,,,,,,,,,
Nahuel Tetaz Chaparro,4435.113,4446.137,Duelo,4443.113,,,,,,,+,4443.762,+,4444.563,,,,,,,,,,,,,,
Santiago Carreras,4437.957,4448.751,Pase,4445.957,,,,,,,,,,,Bueno,4446.228,,,,,,,,,,,,
Tomas Cubelli,4438.144,4445.110,Pase,4444.010,,,,,,,,,,,Bueno,4444.393,,,,,,,,,,,,
Julian Montoya,4441.054,4452.077,Duelo,4449.054,,,,,,,+,4449.789,+,4450.570,,,,,,,,,,,,,,
Matias Orlando,4441.111,4452.167,Trifulca,4449.111,+,4450.032,,,,,,,,,,,,,,,,,,,,,,
Pablo Matera,4442.756,4453.785,Trifulca,4450.756,+,4451.687,,,,,,,,,,,,,,,,,,,,,,
Emiliano Boffelli,4442.785,4453.813,Trifulca,4450.785,+,4451.619,,,,,,,,,,,,,,,,,,,,,,
Tomas Cubelli,4445.210,4453.949,Pase,4450.937,,,,,,,,,,,Bueno,4451.697,,,,,,,,,,,,
Tomas Lavanini,4445.623,4456.655,Pase,4453.623,,,,,,,,,,,Bueno,4453.953,,,,,,,,,,,,
Marcos Kremer,4446.252,4453.270,Duelo,4454.252,,,,,,,+++,4455.319,+,4456.151,,,,,,,,,,,,,,
Santiago Carreras,4448.851,4459.631,Pelota Perdida,4456.608,,,,,,,,,,,,,,,,,,,,,Knock on,4457.459,,
Matias Alemanno,4451.393,4462.426,AEREO-PISO,4459.393,,,,,,,,,,,,,,,,,+,4460.756,,,,,,
Marcos Kremer,4453.370,4460.394,Pase,4457.361,,,,,,,,,,,Bueno,4457.983,,,,,,,,,,,,
Pablo Matera,4496.992,4505.159,AEREO-PISO,4504.992,,,,,,,,,,,,,,,,,,,,,,,,
Pablo Matera,4496.992,4505.159,Pase,4504.992,,,,,,,,,,,Bueno,4505.625,,,,,,,,,,,,
Julian Montoya,4497.397,4504.738,Duelo,4505.397,,,,,,,+++,4506.445,+,4507.502,,,,,,,,,,,,,,
Juan Martin Gonzalez,4503.087,4514.118,Trifulca,4511.087,+,4511.853,,,,,,,,,,,,,,,,,,,,,,
Tomas Cubelli,4503.895,4514.921,Pase,4511.895,,,,,,,,,,,Bueno,4512.228,,,,,,,,,,,,
Julian Montoya,4504.838,4512.145,Duelo,4509.096,,,,,,,+,4509.790,+,4510.693,,,,,,,,,,,,,,
Pablo Matera,4505.259,4513.430,Trifulca,4510.394,+,4511.193,,,,,,,,,,,,,,,,,,,,,,
Matias Alemanno,4506.260,4517.309,Trifulca,4514.260,-,4515.306,,,,,,,,,,,,,,,,,,,,,,
Tomas Lavanini,4506.697,4517.726,Duelo,4514.697,,,,,,,+,4515.401,+,4516.313,,,,,,,,,,,,,,
Nahuel Tetaz Chaparro,4507.561,4518.580,Trifulca,4515.561,+,4516.161,,,,,,,,,,,,,,,,,,,,,,
Tomas Cubelli,4517.861,4528.910,Pelota Perdida,4525.861,,,,,,,,,,,,,,,,,,,,,Trabada,4527.032,,
Juan Cruz Mallia,4618.695,4629.710,Kick,4626.695,,,,,,,,,,,,,,,,,,,,,,,Bueno,4627.592
Tomas Lavanini,4642.789,4653.883,Pase,4650.789,,,,,,,,,,,Bueno,4651.395,,,,,,,,,,,,
Pablo Matera,4645.131,4653.662,Pase,4653.131,,,,,,,,,,,Bueno,4653.430,,,,,,,,,,,,
Marcos Kremer,4645.835,4656.881,Pase,4653.835,,,,,,,,,,,Bueno,4654.119,,,,,,,,,,,,
Julian Montoya,4649.563,4660.611,Duelo,4657.563,,,,,,,+,4658.306,+,4659.611,,,,,,,,,,,,,,
Nahuel Tetaz Chaparro,4650.705,4661.732,Trifulca,4658.705,-,4659.857,,,,,,,,,,,,,,,,,,,,,,
Matias Alemanno,4651.852,4662.877,Trifulca,4659.852,+,4660.652,,,,,,,,,,,,,,,,,,,,,,
Pablo Matera,4653.762,4662.289,Trifulca,4659.250,+,4660.189,,,,,,,,,,,,,,,,,,,,,,
Santiago Carreras,4655.365,4666.404,Kick,4663.365,,,,,,,,,,,,,,,,,,,,,,,Bueno,4664.297
Lautaro Bazan Velez,4655.853,4666.878,Pase,4663.853,,,,,,,,,,,Bueno,4664.337,,,,,,,,,,,,
Marcos Kremer,4660.484,4671.557,Tackle,4668.484,,,,,+,4669.318,,,,,,,,,,,,,,,,,,
Matias Orlando,4667.727,4678.757,Laburo Interno,4675.727,,,+,4676.560,,,,,,,,,,,,,,,,,,,,
Jeronimo De La Fuente,4672.991,4684.054,Tackle,4680.991,,,,,-,4681.709,,,,,,,,,,,,,,,,,,
Santiago Cordero,4677.352,4688.385,Tackle,4685.352,,,,,+,4686.262,,,,,,,,,,,,,,,,,,
Nahuel Tetaz Chaparro,4682.400,4693.431,Tackle,4690.400,,,,,+,4691.151,,,,,,,,,,,,,,,,,,
Matias Alemanno,4683.018,4690.906,Tackle,4691.018,,,,,-,4692.053,,,,,,,,,,,,,,,,,,
Matias Orlando,4686.385,4697.442,Laburo Interno,4694.385,,,+,4695.182,,,,,,,,,,,,,,,,,,,,
Matias Alemanno,4691.006,4698.903,Tackle,4695.859,,,,,+,4696.684,,,,,,,,,,,,,,,,,,
Lautaro Bazan Velez,4694.256,4705.281,Laburo Interno,4702.256,,,+,4702.991,,,,,,,,,,,,,,,,,,,,
Jeronimo De La Fuente,4694.516,4705.541,Tackle,4702.516,,,,,+,4703.818,,,,,,,,,,,,,,,,,,
Tomas Lavanini,4699.338,4710.373,Tackle,4707.338,,,,,+,4707.963,,,,,,,,,,,,,,,,,,
Julian Montoya,4702.046,4713.071,Laburo Interno,4710.046,,,+,4710.864,,,,,,,,,,,,,,,,,,,,
Nahuel Tetaz Chaparro,4706.686,4717.738,Tackle,4714.686,,,,,+,4715.355,,,,,,,,,,,,,,,,,,
Marcos Kremer,4708.423,4719.464,Pelota Recuperada,4716.423,,,,,,,,,,,,,Pescada,4718.441,,,,,,,,,,
Santiago Cordero,4710.032,4718.637,Pase,4718.032,,,,,,,,,,,Bueno,4718.423,,,,,,,,,,,,
Lautaro Bazan Velez,4711.495,4722.528,Pase,4719.495,,,,,,,,,,,Bueno,4719.742,,,,,,,,,,,,
Jeronimo De La Fuente,4712.264,4723.284,Pase,4720.264,,,,,,,,,,,Bueno,4720.643,,,,,,,,,,,,
Santiago Cordero,4718.737,4727.331,Kick,4724.291,,,,,,,,,,,,,,,,,,,,,,,Bueno,4725.158
Juan Cruz Mallia,4725.227,4732.570,AEREO-PISO,4733.227,,,,,,,,,,,,,,,+,4734.063,,,,,,,,
Juan Cruz Mallia,4732.670,4736.983,Duelo,4737.361,,,,,,,+++,4738.061,+,4738.830,,,,,,,,,,,,,,
Pablo Matera,4736.551,4742.991,Duelo,4744.551,,,,,,,+++,4745.520,+++,4746.573,,,,,,,,,,,,,,
Juan Cruz Mallia,4737.083,4743.403,Pase,4740.383,,,,,,,,,,,Bueno,4741.451,,,,,,,,,,,,
Juan Martin Gonzalez,4740.863,4751.871,TRY,4748.863,,,,,,,,,,,,,,,,,,,,,,,,
Pablo Matera,4743.091,4749.540,Pase,4746.502,,,,,,,,,,,Bueno,4747.181,,,,,,,,,,,,
Emiliano Boffelli,4925.684,4936.721,AEREO-PISO,4933.684,,,,,,,,,,,,,,,-,4934.373,,,,,,,,
Thomas Gallo,4995.594,5006.707,Penales,5003.594,,,,,,,,,,,,,,,,,,,Scrum,5005.562,,,,
Tomas Lavanini,5051.033,5062.076,Penales,5059.033,,,,,,,,,,,,,,,,,,,Line,5059.968,,,,
Matias Alemanno,5127.750,5138.779,Penales,5135.750,,,,,,,,,,,,,,,,,,,Line,5136.750,,,,
Santiago Carreras,5214.172,5225.192,Kick,5222.172,,,,,,,,,,,,,,,,,,,,,,,Bueno,5223.087
Santiago Cordero,5219.452,5230.481,Tackle,5227.452,,,,,-,5228.477,,,,,,,,,,,,,,,,,,
Juan Martin Gonzalez,5219.894,5230.924,Tackle,5227.894,,,,,+,5228.457,,,,,,,,,,,,,,,,,,
Joel Sclavi,5225.258,5231.275,Tackle,5233.258,,,,,+,5234.193,,,,,,,,,,,,,,,,,,
Agustin Creevy,5229.205,5240.250,Laburo Interno,5237.205,,,+,5237.912,,,,,,,,,,,,,,,,,,,,
Joel Sclavi,5231.375,5237.387,Penales,5234.341,,,,,,,,,,,,,,,,,,,Ruck,5235.786,,,,
Tomas Lavanini,5267.201,5278.218,Penales,5275.201,,,,,,,,,,,,,,,,,,,,,,,,
Matias Orlando,5275.792,5286.839,Tackle,5283.792,,,,,+,5284.488,,,,,,,,,,,,,Offside,5275.201,,,,
Santiago Carreras,5451.987,5463.040,Kick,5459.987,,,,,,,,,,,,,,,,,,,,,,,Bueno,5460.769
Joel Sclavi,5458.322,5469.357,Laburo Interno,5466.322,,,+,5467.086,,,,,,,,,,,,,,,,,,,,
Santiago Cordero,5461.229,5472.275,Penales,5469.229,,,,,,,,,,,,,,,,,,,Offside,5471.026,,,,
Santiago Carreras,5524.631,5535.658,Tackle,5532.631,,,,,-,5533.594,,,,,,,,,,,,,,,,,,
Agustin Creevy,5524.876,5535.964,Tackle,5532.876,,,,,+,5533.669,,,,,,,,,,,,,,,,,,
Lautaro Bazan Velez,5633.886,5641.395,Pase,5641.886,,,,,,,,,,,Bueno,5642.187,,,,,,,,,,,,
Santiago Carreras,5636.452,5647.477,Pase,5644.452,,,,,,,,,,,Bueno,5644.698,,,,,,,,,,,,
Lautaro Bazan Velez,5641.495,5646.257,Pase,5646.285,,,,,,,,,,,Malo,5646.888,,,,,,,,,,,,
Pablo Matera,5641.699,5652.728,Tackle,5649.699,,,,,+,5650.637,,,,,,,,,,,,,,,,,,
Lautaro Bazan Velez,5646.357,5653.243,Laburo Interno,5650.200,,,+,5650.895,,,,,,,,,,,,,,,,,,,,
Emiliano Boffelli,5653.923,5664.972,Tackle,5661.923,,,,,+,5662.623,,,,,,,,,,,,,,,,,,
Juan Martin Gonzalez,5659.619,5669.502,Tackle,5667.619,,,,,-,5668.218,,,,,,,,,,,,,,,,,,
Pablo Matera,5661.955,5672.982,Tackle,5669.955,,,,,+,5670.516,,,,,,,,,,,,,,,,,,
Tomas Lavanini,5665.669,5676.723,Tackle,5673.669,,,,,+,5674.323,,,,,,,,,,,,,,,,,,
Juan Martin Gonzalez,5669.602,5679.496,Tackle,5676.466,,,,,+,5676.981,,,,,,,,,,,,,,,,,,
Marcos Kremer,5671.824,5682.322,Laburo Interno,5679.824,,,-,5680.423,,,,,,,,,,,,,,,,,,,,
Jeronimo De La Fuente,5676.558,5687.599,Tackle,5684.558,,,,,+,5685.322,,,,,,,,,,,,,,,,,,
Marcos Kremer,5682.422,5691.491,Tackle,5688.659,,,,,-,5689.192,,,,,,,,,,,,,,,,,,
Tomas Lavanini,5682.576,5693.600,Tackle,5690.576,,,,,-,5691.292,,,,,,,,,,,,,,,,,,
Juan Cruz Mallia,5683.220,5694.239,Tackle,5691.220,,,,,+,5693.055,,,,,,,,,,,,,,,,,,
Juan Martin Gonzalez,5690.892,5701.929,Laburo Interno,5698.892,,,+,5699.521,,,,,,,,,,,,,,,,,,,,
Marcos Kremer,5691.591,5702.389,Tackle,5699.365,,,,,+,5700.020,,,,,,,,,,,,,,,,,,
Thomas Gallo,5696.557,5707.574,Tackle,5704.557,,,,,+,5705.287,,,,,,,,,,,,,,,,,,
Juan Martin Gonzalez,5703.331,5714.360,Tackle,5711.331,,,,,+,5711.862,,,,,,,,,,,,,,,,,,
Juan Cruz Mallia,5703.851,5714.030,Tackle,5711.851,,,,,+,5712.554,,,,,,,,,,,,,,,,,,
Tomas Lavanini,5711.224,5722.239,Tackle,5719.224,,,,,+,5719.921,,,,,,,,,,,,,,,,,,
Thomas Gallo,5711.599,5722.633,Tackle,5719.599,,,,,+,5720.231,,,,,,,,,,,,,,,,,,
Agustin Creevy,5712.722,5719.582,Tackle,5720.722,,,,,-,5721.867,,,,,,,,,,,,,,,,,,
Lautaro Bazan Velez,5713.835,5724.859,Tackle,5721.835,,,,,+,5722.452,,,,,,,,,,,,,,,,,,
Juan Cruz Mallia,5714.130,5724.298,Tackle,5721.274,,,,,+,5722.140,,,,,,,,,,,,,,,,,,
Joel Sclavi,5714.765,5725.823,Tackle,5722.765,,,,,+,5723.531,,,,,,,,,,,,,,,,,,
Santiago Carreras,5717.157,5728.182,Tackle,5725.157,,,,,+,5725.822,,,,,,,,,,,,,,,,,,
Pablo Matera,5717.787,5728.816,Tackle,5725.787,,,,,-,5726.351,,,,,,,,,,,,,,,,,,
Agustin Creevy,5719.682,5724.266,Penales,5724.758,,,,,,,,,,,,,,,,,,,Offside,5726.559,,,,
Agustin Creevy,5724.366,5729.902,Laburo Interno,5726.857,,,+,5727.753,,,,,,,,,,,,,,,,,,,,
Thomas Gallo,5857.232,5868.302,Tackle,5865.232,,,,,-,5866.018,,,,,,,,,,,,,,,,,,
Santiago Carreras,5987.193,5998.243,Kick,5995.193,,,,,,,,,,,,,,,,,,,,,,,Malo,5996.494
Juan Cruz Mallia,6265.127,6270.725,AEREO-PISO,6273.127,,,,,,,,,,,,,,,+,6273.960,,,,,,,,
Agustin Creevy,6269.327,6280.354,Trifulca,6277.327,+,6277.759,,,,,,,,,,,,,,,,,,,,,,
Marcos Kremer,6269.677,6280.724,Trifulca,6277.677,+,6278.423,,,,,,,,,,,,,,,,,,,,,,
Juan Cruz Mallia,6270.825,6276.412,Pase,6273.394,,,,,,,,,,,Bueno,6274.194,,,,,,,,,,,,
Rodrigo Bruni,6272.787,6283.838,Duelo,6280.787,,,,,,,+,6281.453,+,6282.087,,,,,,,,,,,,,,
Pablo Matera,6273.662,6284.706,Pase,6281.662,,,,,,,,,,,Bueno,6282.262,,,,,,,,,,,,
Lautaro Bazan Velez,6273.726,6284.754,Pase,6281.726,,,,,,,,,,,Bueno,6281.993,,,,,,,,,,,,
Santiago Carreras,6274.403,6285.443,Pase,6282.403,,,,,,,,,,,Bueno,6283.061,,,,,,,,,,,,
Juan Cruz Mallia,6277.994,6289.024,Pelota Perdida,6285.994,,,,,,,,,,,,,,,,,,,,,Knock on,6286.765,,
Lautaro Bazan Velez,6342.885,6353.935,Tackle,6350.885,,,,,+,6351.802,,,,,,,,,,,,,,,,,,
Santiago Carreras,6347.929,6358.943,Tackle,6355.929,,,,,+,6356.591,,,,,,,,,,,,,,,,,,
Rodrigo Bruni,6352.516,6363.558,Tackle,6360.516,,,,,-,6361.349,,,,,,,,,,,,,,,,,,
Jeronimo De La Fuente,6353.909,6364.961,Tackle,6361.909,,,,,+,6362.706,,,,,,,,,,,,,,,,,,
Marcos Kremer,6357.206,6364.091,Laburo Interno,6365.206,,,-,6366.059,,,,,,,,,,,,,,,,,,,,
Pablo Matera,6361.784,6372.812,Tackle,6369.784,,,,,+,6370.667,,,,,,,,,,,,,,,,,,
Marcos Kremer,6364.191,6371.060,Penales,6368.020,,,,,,,,,,,,,,,,,,,Ruck,6369.137,,,,
Rodrigo Bruni,6366.157,6377.187,Tackle,6374.157,,,,,+,6374.722,,,,,,,,,,,,,,,,,,
Lautaro Bazan Velez,6371.699,6382.719,Tackle,6379.699,,,,,+,6380.383,,,,,,,,,,,,,,,,,,
Joel Sclavi,6375.156,6386.175,Tackle,6383.156,,,,,+,6384.155,,,,,,,,,,,,,,,,,,
Jeronimo De La Fuente,6442.585,6453.621,Trifulca,6450.585,+,6451.521,,,,,,,,,,,,,,,,,,,,,,
Rodrigo Bruni,6443.576,6453.619,Trifulca,6451.576,+,6452.302,,,,,,,,,,,,,,,,,,,,,,
Tomas Albornoz,6444.059,6454.501,AEREO-PISO,6452.059,,,,,,,,,,,,,,,,,+,6453.093,,,,,,
Lautaro Bazan Velez,6446.099,6453.742,Pase,6454.099,,,,,,,,,,,Bueno,6454.424,,,,,,,,,,,,
Pablo Matera,6448.238,6459.269,Duelo,6456.238,,,,,,,+,6456.939,+,6457.731,,,,,,,,,,,,,,
Thomas Gallo,6449.034,6460.078,Trifulca,6457.034,+,6457.635,,,,,,,,,,,,,,,,,,,,,,
Rodrigo Bruni,6453.719,6461.947,Pase,6460.837,,,,,,,,,,,Bueno,6461.098,,,,,,,,,,,,
Lautaro Bazan Velez,6453.842,6461.490,Pase,6458.451,,,,,,,,,,,Bueno,6458.799,,,,,,,,,,,,
Tomas Albornoz,6454.601,6465.001,Pase,6461.958,,,,,,,,,,,Bueno,6462.220,,,,,,,,,,,,
Santiago Carreras,6455.254,6466.289,Pase,6463.254,,,,,,,,,,,Bueno,6463.469,,,,,,,,,,,,
Jeronimo De La Fuente,6457.185,6464.175,Pase,6465.185,,,,,,,,,,,Bueno,6465.418,,,,,,,,,,,,
Santiago Grondona,6461.234,6472.280,Pase,6469.234,,,,,,,,,,,Bueno,6470.035,,,,,,,,,,,,
Juan Cruz Mallia,6461.995,6473.046,Trifulca,6469.995,+,6470.797,,,,,,,,,,,,,,,,,,,,,,
Rodrigo Bruni,6462.047,6471.092,Trifulca,6468.058,+,6468.820,,,,,,,,,,,,,,,,,,,,,,
Lautaro Bazan Velez,6462.442,6473.494,Pase,6470.442,,,,,,,,,,,Bueno,6471.194,,,,,,,,,,,,
Jeronimo De La Fuente,6464.275,6471.270,Duelo,6468.219,,,,,,,+,6469.153,+,6470.056,,,,,,,,,,,,,,
Tomas Lavanini,6464.659,6475.705,Duelo,6472.659,,,,,,,+,6473.754,-,6474.642,,,,,,,,,,,,,,
Joel Sclavi,6466.829,6477.873,Trifulca,6474.829,+,6475.079,,,,,,,,,,,,,,,,,,,,,,
Santiago Grondona,6507.656,6518.677,AEREO-PISO,6515.656,,,,,,,,,,,,,,,+,6516.493,,,,,,,,
Rodrigo Bruni,6509.389,6520.429,Pase,6517.389,,,,,,,,,,,Bueno,6517.818,,,,,,,,,,,,
Lautaro Bazan Velez,6511.267,6522.340,Pase,6519.267,,,,,,,,,,,Bueno,6519.549,,,,,,,,,,,,
Tomas Albornoz,6513.187,6523.052,Pase,6521.187,,,,,,,,,,,Bueno,6521.482,,,,,,,,,,,,
Juan Cruz Mallia,6517.820,6528.854,Duelo,6525.820,,,,,,,+,6526.518,+,6527.352,,,,,,,,,,,,,,
Marcos Kremer,6522.059,6527.724,Trifulca,6530.059,-,6531.793,,,,,,,,,,,,,,,,,,,,,,
Tomas Albornoz,6523.152,6533.006,Duelo,6529.952,,,,,,,+,6530.767,+,6531.469,,,,,,,,,,,,,,
Marcos Kremer,6527.824,6533.496,Penales,6530.460,,,,,,,,,,,,,,,,,,,Ruck,6531.861,,,,
Agustin Creevy,6594.931,6604.941,Tackle,6602.931,,,,,-,6603.697,,,,,,,,,,,,,,,,,,
Marcos Kremer,6596.729,6605.640,Tackle,6604.729,,,,,+,6605.461,,,,,,,,,,,,,,,,,,
Pablo Matera,6600.031,6611.051,Tackle,6608.031,,,,,+++,6608.812,,,,,,,,,,,,,,,,,,
Agustin Creevy,6605.041,6615.050,Tackle,6612.002,,,,,+,6612.764,,,,,,,,,,,,,,,,,,
Thomas Gallo,6605.097,6616.131,Laburo Interno,6613.097,,,+,6613.865,,,,,,,,,,,,,,,,,,,,
Marcos Kremer,6605.740,6614.677,Tackle,6611.627,,,,,-,6612.229,,,,,,,,,,,,,,,,,,
Lautaro Bazan Velez,6613.231,6624.251,Tackle,6621.231,,,,,+,6621.949,,,,,,,,,,,,,,,,,,
Pablo Matera,6620.098,6631.232,Tackle,6628.098,,,,,+,6628.933,,,,,,,,,,,,,,,,,,
Thomas Gallo,6625.546,6636.576,Tackle,6633.546,,,,,-,6634.332,,,,,,,,,,,,,,,,,,
Agustin Creevy,6626.695,6637.730,Tackle,6634.695,,,,,+,6635.425,,,,,,,,,,,,,,,,,,
Rodrigo Bruni,6627.058,6634.890,Laburo Interno,6635.058,,,+,6634.889,,,,,,,,,,,,,,,,,,,,
Rodrigo Bruni,6634.990,6642.832,Pelota Recuperada,6639.791,,,,,,,,,,,,,Pescada,6640.893,,,,,,,,,,
Santiago Grondona,6678.859,6689.919,AEREO-PISO,6686.859,,,,,,,,,,,,,,,+,6687.559,,,,,,,,
Lautaro Bazan Velez,6680.598,6690.006,Pase,6688.598,,,,,,,,,,,Bueno,6689.333,,,,,,,,,,,,
Tomas Albornoz,6683.161,6694.190,Pase,6691.161,,,,,,,,,,,Bueno,6691.500,,,,,,,,,,,,
Marcos Kremer,6684.283,6695.304,Duelo,6692.283,,,,,,,+,6692.997,+,6693.755,,,,,,,,,,,,,,
Jeronimo De La Fuente,6684.800,6695.829,Trifulca,6692.800,+,6693.497,,,,,,,,,,,,,,,,,,,,,,
Tomas Lavanini,6686.233,6697.285,Trifulca,6694.233,+,6694.512,,,,,,,,,,,,,,,,,,,,,,
Lautaro Bazan Velez,6690.106,6697.110,Pase,6696.687,,,,,,,,,,,Bueno,6697.356,,,,,,,,,,,,
Thomas Gallo,6691.625,6702.675,Duelo,6699.625,,,,,,,+,6700.219,+,6701.086,,,,,,,,,,,,,,
Agustin Creevy,6691.935,6699.796,Trifulca,6699.935,+,6700.534,,,,,,,,,,,,,,,,,,,,,,
Lautaro Bazan Velez,6697.210,6705.437,Duelo,6702.389,,,,,,,+,6703.153,+,6704.437,,,,,,,,,,,,,,
Pablo Matera,6699.117,6710.156,Pase,6707.117,,,,,,,,,,,Bueno,6707.387,,,,,,,,,,,,
Agustin Creevy,6699.896,6707.759,Trifulca,6704.735,+,6705.002,,,,,,,,,,,,,,,,,,,,,,
Tomas Albornoz,6700.923,6710.458,Pase,6708.923,,,,,,,,,,,Bueno,6709.140,,,,,,,,,,,,
Joel Sclavi,6701.657,6712.675,Pase,6709.657,,,,,,,,,,,Bueno,6709.936,,,,,,,,,,,,
Tomas Lavanini,6703.928,6714.965,Duelo,6711.928,,,,,,,+,6712.691,-,6713.965,,,,,,,,,,,,,,
Rodrigo Bruni,6704.263,6715.316,Trifulca,6712.263,+,6712.961,,,,,,,,,,,,,,,,,,,,,,
Marcos Kremer,6704.905,6715.957,Trifulca,6712.905,+,6713.773,,,,,,,,,,,,,,,,,,,,,,
Lautaro Bazan Velez,6708.107,6719.148,Pase,6716.107,,,,,,,,,,,Bueno,6716.374,,,,,,,,,,,,
Tomas Albornoz,6710.558,6720.119,Pase,6717.072,,,,,,,,,,,Bueno,6717.851,,,,,,,,,,,,
Santiago Carreras,6711.585,6722.636,Kick,6719.585,,,,,,,,,,,,,,,,,,,,,,,Malo,6720.193
Rodrigo Bruni,6720.860,6731.899,Tackle,6728.860,,,,,+,6729.490,,,,,,,,,,,,,,,,,,
Pablo Matera,6727.814,6738.860,Tackle,6735.814,,,,,+++,6736.884,,,,,,,,,,,,,,,,,,
Marcos Kremer,6737.465,6748.527,Tackle,6745.465,,,,,+,6746.135,,,,,,,,,,,,,,,,,,
Thomas Gallo,6737.700,6748.727,Tackle,6745.700,,,,,+,6746.653,,,,,,,,,,,,,,,,,,
Emiliano Boffelli,6744.783,6755.802,Tackle,6752.783,,,,,+,6753.482,,,,,,,,,,,,,,,,,,
Agustin Creevy,6747.031,6758.147,Laburo Interno,6755.031,,,-,6755.932,,,,,,,,,,,,,,,,,,,,
Pablo Matera,6753.491,6765.523,Tackle,6761.491,,,,,+++,6762.225,,,,,,,,,,,,,,,,,,
Lautaro Bazan Velez,6757.684,6768.739,Tackle,6765.684,,,,,+,6766.351,,,,,,,,,,,,,,,,,,
Santiago Grondona,6761.989,6773.029,Tackle,6769.989,,,,,+,6770.957,,,,,,,,,,,,,,,,,,
Juan Cruz Mallia,6765.228,6776.261,Trifulca,6773.228,+,6773.898,,,,,,,,,,,,,,,,,,,,,,
Pablo Matera,6770.433,6781.454,Pase,6778.433,,,,,,,,,,,Bueno,6779.183,,,,,,,,,,,,
Joel Sclavi,6773.483,6784.509,Duelo,6781.483,,,,,,,+,6782.282,+,6783.083,,,,,,,,,,,,,,
Agustin Creevy,6775.362,6786.383,Trifulca,6783.362,+,6784.232,,,,,,,,,,,,,,,,,,,,,,
Lautaro Bazan Velez,6779.323,6790.352,Pase,6787.323,,,,,,,,,,,Bueno,6787.641,,,,,,,,,,,,
Tomas Albornoz,6781.763,6792.779,Pase,6789.763,,,,,,,,,,,Bueno,6790.140,,,,,,,,,,,,
Juan Cruz Mallia,6784.027,6795.062,Pelota Perdida,6792.027,,,,,,,,,,,Bueno,6792.428,,,,,,,,,,,,
Rodrigo Bruni,6786.022,6797.064,Tackle,6794.022,,,,,-,6794.802,,,,,,,,,,,,,,,,,,
Pablo Matera,6786.931,6797.997,Tackle,6794.931,,,,,+,6795.614,,,,,,,,,,,,,,,,,,